[{"model": "admin.logentry", "pk": 1, "fields": {"action_time": "2022-12-08T22:02:54.753Z", "user": 1, "content_type": 6, "object_id": "2", "object_repr": "jithinvs009@gmail.com", "action_flag": 2, "change_message": "[{\"changed\": {\"fields\": [\"Is active\"]}}]"}}, {"model": "admin.logentry", "pk": 2, "fields": {"action_time": "2022-12-08T22:13:18.752Z", "user": 1, "content_type": 6, "object_id": "10", "object_repr": "jithinrest@gmai.com", "action_flag": 3, "change_message": ""}}, {"model": "admin.logentry", "pk": 3, "fields": {"action_time": "2022-12-08T22:13:18.757Z", "user": 1, "content_type": 6, "object_id": "9", "object_repr": "jithurest@gmail.com", "action_flag": 3, "change_message": ""}}, {"model": "admin.logentry", "pk": 4, "fields": {"action_time": "2022-12-08T22:13:18.759Z", "user": 1, "content_type": 6, "object_id": "8", "object_repr": "jitraj@gmail.com", "action_flag": 3, "change_message": ""}}, {"model": "admin.logentry", "pk": 5, "fields": {"action_time": "2022-12-08T22:13:18.760Z", "user": 1, "content_type": 6, "object_id": "7", "object_repr": "jitrest@gmail.com", "action_flag": 3, "change_message": ""}}, {"model": "admin.logentry", "pk": 6, "fields": {"action_time": "2022-12-08T22:13:18.762Z", "user": 1, "content_type": 6, "object_id": "6", "object_repr": "jithuraj@gmail.com", "action_flag": 3, "change_message": ""}}, {"model": "admin.logentry", "pk": 7, "fields": {"action_time": "2022-12-08T22:13:18.765Z", "user": 1, "content_type": 6, "object_id": "5", "object_repr": "jithuvs@gmail.com", "action_flag": 3, "change_message": ""}}, {"model": "admin.logentry", "pk": 8, "fields": {"action_time": "2022-12-08T22:13:18.767Z", "user": 1, "content_type": 6, "object_id": "4", "object_repr": "jithinraj@gmail.com", "action_flag": 3, "change_message": ""}}, {"model": "admin.logentry", "pk": 9, "fields": {"action_time": "2022-12-08T22:13:18.768Z", "user": 1, "content_type": 6, "object_id": "3", "object_repr": "johnyjohn009@gmail.com", "action_flag": 3, "change_message": ""}}, {"model": "admin.logentry", "pk": 10, "fields": {"action_time": "2022-12-08T22:13:25.179Z", "user": 1, "content_type": 6, "object_id": "1", "object_repr": "jithinvsvks@gmail.com", "action_flag": 2, "change_message": "[]"}}, {"model": "admin.logentry", "pk": 11, "fields": {"action_time": "2022-12-08T22:25:56.335Z", "user": 1, "content_type": 6, "object_id": "11", "object_repr": "johnyjohn009@gmail.com", "action_flag": 2, "change_message": "[{\"changed\": {\"fields\": [\"Is active\"]}}]"}}, {"model": "admin.logentry", "pk": 12, "fields": {"action_time": "2022-12-08T22:26:01.233Z", "user": 1, "content_type": 6, "object_id": "12", "object_repr": "jithinraj@gmail.com", "action_flag": 2, "change_message": "[{\"changed\": {\"fields\": [\"Is active\"]}}]"}}, {"model": "admin.logentry", "pk": 13, "fields": {"action_time": "2022-12-08T22:26:05.040Z", "user": 1, "content_type": 6, "object_id": "13", "object_repr": "jithinrest@gmail.com", "action_flag": 2, "change_message": "[{\"changed\": {\"fields\": [\"Is active\"]}}]"}}, {"model": "admin.logentry", "pk": 14, "fields": {"action_time": "2022-12-08T22:26:14.521Z", "user": 1, "content_type": 6, "object_id": "14", "object_repr": "jithuvs@gmail.com", "action_flag": 2, "change_message": "[{\"changed\": {\"fields\": [\"Is active\"]}}]"}}, {"model": "admin.logentry", "pk": 15, "fields": {"action_time": "2022-12-08T22:26:21.374Z", "user": 1, "content_type": 6, "object_id": "15", "object_repr": "jithuraj@gmail.com", "action_flag": 2, "change_message": "[{\"changed\": {\"fields\": [\"Is active\"]}}]"}}, {"model": "admin.logentry", "pk": 16, "fields": {"action_time": "2022-12-08T22:26:28.748Z", "user": 1, "content_type": 6, "object_id": "16", "object_repr": "jithurest@gmail.com", "action_flag": 2, "change_message": "[{\"changed\": {\"fields\": [\"Is active\"]}}]"}}, {"model": "admin.logentry", "pk": 17, "fields": {"action_time": "2022-12-08T22:26:35.208Z", "user": 1, "content_type": 6, "object_id": "17", "object_repr": "jitrest@gmail.com", "action_flag": 2, "change_message": "[{\"changed\": {\"fields\": [\"Is active\"]}}]"}}, {"model": "admin.logentry", "pk": 18, "fields": {"action_time": "2022-12-08T22:26:41.387Z", "user": 1, "content_type": 6, "object_id": "18", "object_repr": "jitraj@gmail.com", "action_flag": 2, "change_message": "[{\"changed\": {\"fields\": [\"Is active\"]}}]"}}, {"model": "admin.logentry", "pk": 19, "fields": {"action_time": "2022-12-08T23:03:51.902Z", "user": 1, "content_type": 12, "object_id": "1", "object_repr": "CGST", "action_flag": 1, "change_message": "[{\"added\": {}}]"}}, {"model": "admin.logentry", "pk": 20, "fields": {"action_time": "2022-12-08T23:03:57.284Z", "user": 1, "content_type": 12, "object_id": "2", "object_repr": "SGST", "action_flag": 1, "change_message": "[{\"added\": {}}]"}}, {"model": "admin.logentry", "pk": 21, "fields": {"action_time": "2022-12-09T05:42:22.079Z", "user": 1, "content_type": 8, "object_id": "8", "object_repr": "Malabar grills restaurant", "action_flag": 2, "change_message": "[{\"changed\": {\"fields\": [\"Is approved\"]}}]"}}, {"model": "admin.logentry", "pk": 22, "fields": {"action_time": "2022-12-09T05:42:25.288Z", "user": 1, "content_type": 8, "object_id": "7", "object_repr": "Great grills restautant", "action_flag": 2, "change_message": "[{\"changed\": {\"fields\": [\"Is approved\"]}}]"}}, {"model": "admin.logentry", "pk": 23, "fields": {"action_time": "2022-12-09T05:42:28.536Z", "user": 1, "content_type": 8, "object_id": "6", "object_repr": "Best grills restaurant", "action_flag": 2, "change_message": "[{\"changed\": {\"fields\": [\"Is approved\"]}}]"}}, {"model": "admin.logentry", "pk": 24, "fields": {"action_time": "2022-12-09T05:42:31.828Z", "user": 1, "content_type": 8, "object_id": "5", "object_repr": "New grills restaurant", "action_flag": 2, "change_message": "[{\"changed\": {\"fields\": [\"Is approved\"]}}]"}}, {"model": "admin.logentry", "pk": 25, "fields": {"action_time": "2022-12-09T05:42:35.315Z", "user": 1, "content_type": 8, "object_id": "4", "object_repr": "Dev Grills Restaurant", "action_flag": 2, "change_message": "[{\"changed\": {\"fields\": [\"Is approved\"]}}]"}}, {"model": "admin.logentry", "pk": 26, "fields": {"action_time": "2022-12-09T05:42:38.595Z", "user": 1, "content_type": 8, "object_id": "3", "object_repr": "Jithin's Restaurant", "action_flag": 2, "change_message": "[{\"changed\": {\"fields\": [\"Is approved\"]}}]"}}, {"model": "admin.logentry", "pk": 27, "fields": {"action_time": "2022-12-09T05:42:41.818Z", "user": 1, "content_type": 8, "object_id": "2", "object_repr": "Raj's Restaurant", "action_flag": 2, "change_message": "[{\"changed\": {\"fields\": [\"Is approved\"]}}]"}}, {"model": "admin.logentry", "pk": 28, "fields": {"action_time": "2022-12-09T05:42:44.906Z", "user": 1, "content_type": 8, "object_id": "1", "object_repr": "John restaurant", "action_flag": 2, "change_message": "[{\"changed\": {\"fields\": [\"Is approved\"]}}]"}}, {"model": "admin.logentry", "pk": 29, "fields": {"action_time": "2022-12-09T05:44:06.287Z", "user": 1, "content_type": 8, "object_id": "1", "object_repr": "John restaurant", "action_flag": 2, "change_message": "[{\"changed\": {\"fields\": [\"Is approved\"]}}]"}}, {"model": "admin.logentry", "pk": 30, "fields": {"action_time": "2022-12-09T05:49:41.613Z", "user": 1, "content_type": 8, "object_id": "1", "object_repr": "John restaurant", "action_flag": 2, "change_message": "[{\"changed\": {\"fields\": [\"Is approved\"]}}]"}}, {"model": "admin.logentry", "pk": 31, "fields": {"action_time": "2022-12-09T06:48:03.407Z", "user": 1, "content_type": 8, "object_id": "8", "object_repr": "Malabar grills restaurant", "action_flag": 2, "change_message": "[{\"changed\": {\"fields\": [\"Is approved\"]}}]"}}, {"model": "admin.logentry", "pk": 32, "fields": {"action_time": "2022-12-09T06:48:03.416Z", "user": 1, "content_type": 8, "object_id": "7", "object_repr": "Great grills restautant", "action_flag": 2, "change_message": "[{\"changed\": {\"fields\": [\"Is approved\"]}}]"}}, {"model": "admin.logentry", "pk": 33, "fields": {"action_time": "2022-12-09T06:48:03.422Z", "user": 1, "content_type": 8, "object_id": "6", "object_repr": "Best grills restaurant", "action_flag": 2, "change_message": "[{\"changed\": {\"fields\": [\"Is approved\"]}}]"}}, {"model": "admin.logentry", "pk": 34, "fields": {"action_time": "2022-12-09T06:48:03.428Z", "user": 1, "content_type": 8, "object_id": "5", "object_repr": "New grills restaurant", "action_flag": 2, "change_message": "[{\"changed\": {\"fields\": [\"Is approved\"]}}]"}}, {"model": "admin.logentry", "pk": 35, "fields": {"action_time": "2022-12-09T06:48:03.435Z", "user": 1, "content_type": 8, "object_id": "4", "object_repr": "Dev Grills Restaurant", "action_flag": 2, "change_message": "[{\"changed\": {\"fields\": [\"Is approved\"]}}]"}}, {"model": "admin.logentry", "pk": 36, "fields": {"action_time": "2022-12-09T06:48:03.441Z", "user": 1, "content_type": 8, "object_id": "3", "object_repr": "Jithin's Restaurant", "action_flag": 2, "change_message": "[{\"changed\": {\"fields\": [\"Is approved\"]}}]"}}, {"model": "admin.logentry", "pk": 37, "fields": {"action_time": "2022-12-09T06:48:03.448Z", "user": 1, "content_type": 8, "object_id": "2", "object_repr": "Raj's Restaurant", "action_flag": 2, "change_message": "[{\"changed\": {\"fields\": [\"Is approved\"]}}]"}}, {"model": "admin.logentry", "pk": 38, "fields": {"action_time": "2022-12-09T06:48:03.454Z", "user": 1, "content_type": 8, "object_id": "1", "object_repr": "John restaurant", "action_flag": 2, "change_message": "[{\"changed\": {\"fields\": [\"Is approved\"]}}]"}}, {"model": "admin.logentry", "pk": 39, "fields": {"action_time": "2022-12-09T06:48:34.220Z", "user": 1, "content_type": 8, "object_id": "8", "object_repr": "Malabar grills restaurant", "action_flag": 2, "change_message": "[{\"changed\": {\"fields\": [\"Is approved\"]}}]"}}, {"model": "admin.logentry", "pk": 40, "fields": {"action_time": "2022-12-09T06:48:34.232Z", "user": 1, "content_type": 8, "object_id": "7", "object_repr": "Great grills restautant", "action_flag": 2, "change_message": "[{\"changed\": {\"fields\": [\"Is approved\"]}}]"}}, {"model": "admin.logentry", "pk": 41, "fields": {"action_time": "2022-12-09T06:48:34.239Z", "user": 1, "content_type": 8, "object_id": "6", "object_repr": "Best grills restaurant", "action_flag": 2, "change_message": "[{\"changed\": {\"fields\": [\"Is approved\"]}}]"}}, {"model": "admin.logentry", "pk": 42, "fields": {"action_time": "2022-12-09T06:48:34.245Z", "user": 1, "content_type": 8, "object_id": "5", "object_repr": "New grills restaurant", "action_flag": 2, "change_message": "[{\"changed\": {\"fields\": [\"Is approved\"]}}]"}}, {"model": "admin.logentry", "pk": 43, "fields": {"action_time": "2022-12-09T06:48:34.252Z", "user": 1, "content_type": 8, "object_id": "4", "object_repr": "Dev Grills Restaurant", "action_flag": 2, "change_message": "[{\"changed\": {\"fields\": [\"Is approved\"]}}]"}}, {"model": "admin.logentry", "pk": 44, "fields": {"action_time": "2022-12-09T06:48:34.258Z", "user": 1, "content_type": 8, "object_id": "3", "object_repr": "Jithin's Restaurant", "action_flag": 2, "change_message": "[{\"changed\": {\"fields\": [\"Is approved\"]}}]"}}, {"model": "admin.logentry", "pk": 45, "fields": {"action_time": "2022-12-09T06:48:34.265Z", "user": 1, "content_type": 8, "object_id": "2", "object_repr": "Raj's Restaurant", "action_flag": 2, "change_message": "[{\"changed\": {\"fields\": [\"Is approved\"]}}]"}}, {"model": "admin.logentry", "pk": 46, "fields": {"action_time": "2022-12-09T06:48:34.271Z", "user": 1, "content_type": 8, "object_id": "1", "object_repr": "John restaurant", "action_flag": 2, "change_message": "[{\"changed\": {\"fields\": [\"Is approved\"]}}]"}}, {"model": "admin.logentry", "pk": 47, "fields": {"action_time": "2022-12-09T06:48:51.189Z", "user": 1, "content_type": 8, "object_id": "2", "object_repr": "Raj's Restaurant", "action_flag": 2, "change_message": "[{\"changed\": {\"fields\": [\"Is approved\"]}}]"}}, {"model": "admin.logentry", "pk": 48, "fields": {"action_time": "2022-12-09T06:48:54.516Z", "user": 1, "content_type": 8, "object_id": "2", "object_repr": "Raj's Restaurant", "action_flag": 2, "change_message": "[{\"changed\": {\"fields\": [\"Is approved\"]}}]"}}, {"model": "admin.logentry", "pk": 49, "fields": {"action_time": "2022-12-09T06:49:53.324Z", "user": 1, "content_type": 8, "object_id": "1", "object_repr": "John restaurant", "action_flag": 2, "change_message": "[{\"changed\": {\"fields\": [\"Is approved\"]}}]"}}, {"model": "admin.logentry", "pk": 50, "fields": {"action_time": "2022-12-09T06:52:43.791Z", "user": 1, "content_type": 8, "object_id": "1", "object_repr": "John restaurant", "action_flag": 2, "change_message": "[{\"changed\": {\"fields\": [\"Is approved\"]}}]"}}, {"model": "admin.logentry", "pk": 51, "fields": {"action_time": "2022-12-09T06:53:09.925Z", "user": 1, "content_type": 8, "object_id": "1", "object_repr": "John restaurant", "action_flag": 2, "change_message": "[{\"changed\": {\"fields\": [\"Is approved\"]}}]"}}, {"model": "admin.logentry", "pk": 52, "fields": {"action_time": "2022-12-09T06:53:49.690Z", "user": 1, "content_type": 8, "object_id": "8", "object_repr": "Malabar grills restaurant", "action_flag": 2, "change_message": "[{\"changed\": {\"fields\": [\"Is approved\"]}}]"}}, {"model": "admin.logentry", "pk": 53, "fields": {"action_time": "2022-12-09T06:53:49.698Z", "user": 1, "content_type": 8, "object_id": "7", "object_repr": "Great grills restautant", "action_flag": 2, "change_message": "[{\"changed\": {\"fields\": [\"Is approved\"]}}]"}}, {"model": "admin.logentry", "pk": 54, "fields": {"action_time": "2022-12-09T06:53:49.705Z", "user": 1, "content_type": 8, "object_id": "6", "object_repr": "Best grills restaurant", "action_flag": 2, "change_message": "[{\"changed\": {\"fields\": [\"Is approved\"]}}]"}}, {"model": "admin.logentry", "pk": 55, "fields": {"action_time": "2022-12-09T06:53:49.714Z", "user": 1, "content_type": 8, "object_id": "5", "object_repr": "New grills restaurant", "action_flag": 2, "change_message": "[{\"changed\": {\"fields\": [\"Is approved\"]}}]"}}, {"model": "admin.logentry", "pk": 56, "fields": {"action_time": "2022-12-09T06:53:49.721Z", "user": 1, "content_type": 8, "object_id": "4", "object_repr": "Dev Grills Restaurant", "action_flag": 2, "change_message": "[{\"changed\": {\"fields\": [\"Is approved\"]}}]"}}, {"model": "admin.logentry", "pk": 57, "fields": {"action_time": "2022-12-09T06:53:49.729Z", "user": 1, "content_type": 8, "object_id": "3", "object_repr": "Jithin's Restaurant", "action_flag": 2, "change_message": "[{\"changed\": {\"fields\": [\"Is approved\"]}}]"}}, {"model": "admin.logentry", "pk": 58, "fields": {"action_time": "2022-12-09T06:53:49.735Z", "user": 1, "content_type": 8, "object_id": "2", "object_repr": "Raj's Restaurant", "action_flag": 2, "change_message": "[{\"changed\": {\"fields\": [\"Is approved\"]}}]"}}, {"model": "admin.logentry", "pk": 59, "fields": {"action_time": "2022-12-09T06:53:56.225Z", "user": 1, "content_type": 8, "object_id": "8", "object_repr": "Malabar grills restaurant", "action_flag": 2, "change_message": "[{\"changed\": {\"fields\": [\"Is approved\"]}}]"}}, {"model": "admin.logentry", "pk": 60, "fields": {"action_time": "2022-12-09T06:53:56.237Z", "user": 1, "content_type": 8, "object_id": "7", "object_repr": "Great grills restautant", "action_flag": 2, "change_message": "[{\"changed\": {\"fields\": [\"Is approved\"]}}]"}}, {"model": "admin.logentry", "pk": 61, "fields": {"action_time": "2022-12-09T06:53:56.244Z", "user": 1, "content_type": 8, "object_id": "6", "object_repr": "Best grills restaurant", "action_flag": 2, "change_message": "[{\"changed\": {\"fields\": [\"Is approved\"]}}]"}}, {"model": "admin.logentry", "pk": 62, "fields": {"action_time": "2022-12-09T06:53:56.251Z", "user": 1, "content_type": 8, "object_id": "5", "object_repr": "New grills restaurant", "action_flag": 2, "change_message": "[{\"changed\": {\"fields\": [\"Is approved\"]}}]"}}, {"model": "admin.logentry", "pk": 63, "fields": {"action_time": "2022-12-09T06:53:56.258Z", "user": 1, "content_type": 8, "object_id": "4", "object_repr": "Dev Grills Restaurant", "action_flag": 2, "change_message": "[{\"changed\": {\"fields\": [\"Is approved\"]}}]"}}, {"model": "admin.logentry", "pk": 64, "fields": {"action_time": "2022-12-09T06:53:56.266Z", "user": 1, "content_type": 8, "object_id": "3", "object_repr": "Jithin's Restaurant", "action_flag": 2, "change_message": "[{\"changed\": {\"fields\": [\"Is approved\"]}}]"}}, {"model": "admin.logentry", "pk": 65, "fields": {"action_time": "2022-12-09T06:53:56.273Z", "user": 1, "content_type": 8, "object_id": "2", "object_repr": "Raj's Restaurant", "action_flag": 2, "change_message": "[{\"changed\": {\"fields\": [\"Is approved\"]}}]"}}, {"model": "admin.logentry", "pk": 66, "fields": {"action_time": "2022-12-09T06:53:56.280Z", "user": 1, "content_type": 8, "object_id": "1", "object_repr": "John restaurant", "action_flag": 2, "change_message": "[{\"changed\": {\"fields\": [\"Is approved\"]}}]"}}, {"model": "auth.permission", "pk": 1, "fields": {"name": "Can add log entry", "content_type": 1, "codename": "add_logentry"}}, {"model": "auth.permission", "pk": 2, "fields": {"name": "Can change log entry", "content_type": 1, "codename": "change_logentry"}}, {"model": "auth.permission", "pk": 3, "fields": {"name": "Can delete log entry", "content_type": 1, "codename": "delete_logentry"}}, {"model": "auth.permission", "pk": 4, "fields": {"name": "Can view log entry", "content_type": 1, "codename": "view_logentry"}}, {"model": "auth.permission", "pk": 5, "fields": {"name": "Can add permission", "content_type": 2, "codename": "add_permission"}}, {"model": "auth.permission", "pk": 6, "fields": {"name": "Can change permission", "content_type": 2, "codename": "change_permission"}}, {"model": "auth.permission", "pk": 7, "fields": {"name": "Can delete permission", "content_type": 2, "codename": "delete_permission"}}, {"model": "auth.permission", "pk": 8, "fields": {"name": "Can view permission", "content_type": 2, "codename": "view_permission"}}, {"model": "auth.permission", "pk": 9, "fields": {"name": "Can add group", "content_type": 3, "codename": "add_group"}}, {"model": "auth.permission", "pk": 10, "fields": {"name": "Can change group", "content_type": 3, "codename": "change_group"}}, {"model": "auth.permission", "pk": 11, "fields": {"name": "Can delete group", "content_type": 3, "codename": "delete_group"}}, {"model": "auth.permission", "pk": 12, "fields": {"name": "Can view group", "content_type": 3, "codename": "view_group"}}, {"model": "auth.permission", "pk": 13, "fields": {"name": "Can add content type", "content_type": 4, "codename": "add_contenttype"}}, {"model": "auth.permission", "pk": 14, "fields": {"name": "Can change content type", "content_type": 4, "codename": "change_contenttype"}}, {"model": "auth.permission", "pk": 15, "fields": {"name": "Can delete content type", "content_type": 4, "codename": "delete_contenttype"}}, {"model": "auth.permission", "pk": 16, "fields": {"name": "Can view content type", "content_type": 4, "codename": "view_contenttype"}}, {"model": "auth.permission", "pk": 17, "fields": {"name": "Can add session", "content_type": 5, "codename": "add_session"}}, {"model": "auth.permission", "pk": 18, "fields": {"name": "Can change session", "content_type": 5, "codename": "change_session"}}, {"model": "auth.permission", "pk": 19, "fields": {"name": "Can delete session", "content_type": 5, "codename": "delete_session"}}, {"model": "auth.permission", "pk": 20, "fields": {"name": "Can view session", "content_type": 5, "codename": "view_session"}}, {"model": "auth.permission", "pk": 21, "fields": {"name": "Can add user", "content_type": 6, "codename": "add_user"}}, {"model": "auth.permission", "pk": 22, "fields": {"name": "Can change user", "content_type": 6, "codename": "change_user"}}, {"model": "auth.permission", "pk": 23, "fields": {"name": "Can delete user", "content_type": 6, "codename": "delete_user"}}, {"model": "auth.permission", "pk": 24, "fields": {"name": "Can view user", "content_type": 6, "codename": "view_user"}}, {"model": "auth.permission", "pk": 25, "fields": {"name": "Can add user profile", "content_type": 7, "codename": "add_userprofile"}}, {"model": "auth.permission", "pk": 26, "fields": {"name": "Can change user profile", "content_type": 7, "codename": "change_userprofile"}}, {"model": "auth.permission", "pk": 27, "fields": {"name": "Can delete user profile", "content_type": 7, "codename": "delete_userprofile"}}, {"model": "auth.permission", "pk": 28, "fields": {"name": "Can view user profile", "content_type": 7, "codename": "view_userprofile"}}, {"model": "auth.permission", "pk": 29, "fields": {"name": "Can add vendor", "content_type": 8, "codename": "add_vendor"}}, {"model": "auth.permission", "pk": 30, "fields": {"name": "Can change vendor", "content_type": 8, "codename": "change_vendor"}}, {"model": "auth.permission", "pk": 31, "fields": {"name": "Can delete vendor", "content_type": 8, "codename": "delete_vendor"}}, {"model": "auth.permission", "pk": 32, "fields": {"name": "Can view vendor", "content_type": 8, "codename": "view_vendor"}}, {"model": "auth.permission", "pk": 33, "fields": {"name": "Can add opening hour", "content_type": 9, "codename": "add_openinghour"}}, {"model": "auth.permission", "pk": 34, "fields": {"name": "Can change opening hour", "content_type": 9, "codename": "change_openinghour"}}, {"model": "auth.permission", "pk": 35, "fields": {"name": "Can delete opening hour", "content_type": 9, "codename": "delete_openinghour"}}, {"model": "auth.permission", "pk": 36, "fields": {"name": "Can view opening hour", "content_type": 9, "codename": "view_openinghour"}}, {"model": "auth.permission", "pk": 37, "fields": {"name": "Can add category", "content_type": 10, "codename": "add_category"}}, {"model": "auth.permission", "pk": 38, "fields": {"name": "Can change category", "content_type": 10, "codename": "change_category"}}, {"model": "auth.permission", "pk": 39, "fields": {"name": "Can delete category", "content_type": 10, "codename": "delete_category"}}, {"model": "auth.permission", "pk": 40, "fields": {"name": "Can view category", "content_type": 10, "codename": "view_category"}}, {"model": "auth.permission", "pk": 41, "fields": {"name": "Can add food item", "content_type": 11, "codename": "add_fooditem"}}, {"model": "auth.permission", "pk": 42, "fields": {"name": "Can change food item", "content_type": 11, "codename": "change_fooditem"}}, {"model": "auth.permission", "pk": 43, "fields": {"name": "Can delete food item", "content_type": 11, "codename": "delete_fooditem"}}, {"model": "auth.permission", "pk": 44, "fields": {"name": "Can view food item", "content_type": 11, "codename": "view_fooditem"}}, {"model": "auth.permission", "pk": 45, "fields": {"name": "Can add tax", "content_type": 12, "codename": "add_tax"}}, {"model": "auth.permission", "pk": 46, "fields": {"name": "Can change tax", "content_type": 12, "codename": "change_tax"}}, {"model": "auth.permission", "pk": 47, "fields": {"name": "Can delete tax", "content_type": 12, "codename": "delete_tax"}}, {"model": "auth.permission", "pk": 48, "fields": {"name": "Can view tax", "content_type": 12, "codename": "view_tax"}}, {"model": "auth.permission", "pk": 49, "fields": {"name": "Can add cart", "content_type": 13, "codename": "add_cart"}}, {"model": "auth.permission", "pk": 50, "fields": {"name": "Can change cart", "content_type": 13, "codename": "change_cart"}}, {"model": "auth.permission", "pk": 51, "fields": {"name": "Can delete cart", "content_type": 13, "codename": "delete_cart"}}, {"model": "auth.permission", "pk": 52, "fields": {"name": "Can view cart", "content_type": 13, "codename": "view_cart"}}, {"model": "auth.permission", "pk": 53, "fields": {"name": "Can add order", "content_type": 14, "codename": "add_order"}}, {"model": "auth.permission", "pk": 54, "fields": {"name": "Can change order", "content_type": 14, "codename": "change_order"}}, {"model": "auth.permission", "pk": 55, "fields": {"name": "Can delete order", "content_type": 14, "codename": "delete_order"}}, {"model": "auth.permission", "pk": 56, "fields": {"name": "Can view order", "content_type": 14, "codename": "view_order"}}, {"model": "auth.permission", "pk": 57, "fields": {"name": "Can add ordered food", "content_type": 15, "codename": "add_orderedfood"}}, {"model": "auth.permission", "pk": 58, "fields": {"name": "Can change ordered food", "content_type": 15, "codename": "change_orderedfood"}}, {"model": "auth.permission", "pk": 59, "fields": {"name": "Can delete ordered food", "content_type": 15, "codename": "delete_orderedfood"}}, {"model": "auth.permission", "pk": 60, "fields": {"name": "Can view ordered food", "content_type": 15, "codename": "view_orderedfood"}}, {"model": "contenttypes.contenttype", "pk": 1, "fields": {"app_label": "admin", "model": "logentry"}}, {"model": "contenttypes.contenttype", "pk": 2, "fields": {"app_label": "auth", "model": "permission"}}, {"model": "contenttypes.contenttype", "pk": 3, "fields": {"app_label": "auth", "model": "group"}}, {"model": "contenttypes.contenttype", "pk": 4, "fields": {"app_label": "contenttypes", "model": "contenttype"}}, {"model": "contenttypes.contenttype", "pk": 5, "fields": {"app_label": "sessions", "model": "session"}}, {"model": "contenttypes.contenttype", "pk": 6, "fields": {"app_label": "accounts", "model": "user"}}, {"model": "contenttypes.contenttype", "pk": 7, "fields": {"app_label": "accounts", "model": "userprofile"}}, {"model": "contenttypes.contenttype", "pk": 8, "fields": {"app_label": "vendor", "model": "vendor"}}, {"model": "contenttypes.contenttype", "pk": 9, "fields": {"app_label": "vendor", "model": "openinghour"}}, {"model": "contenttypes.contenttype", "pk": 10, "fields": {"app_label": "menu", "model": "category"}}, {"model": "contenttypes.contenttype", "pk": 11, "fields": {"app_label": "menu", "model": "fooditem"}}, {"model": "contenttypes.contenttype", "pk": 12, "fields": {"app_label": "marketplace", "model": "tax"}}, {"model": "contenttypes.contenttype", "pk": 13, "fields": {"app_label": "marketplace", "model": "cart"}}, {"model": "contenttypes.contenttype", "pk": 14, "fields": {"app_label": "orders", "model": "order"}}, {"model": "contenttypes.contenttype", "pk": 15, "fields": {"app_label": "orders", "model": "orderedfood"}}, {"model": "sessions.session", "pk": "3e6zwb9ko56rua6crf33dn30jlh6to30", "fields": {"session_data": "eyJsYXQiOiIxMS4yOTE4NTI4IiwibG5nIjoiNzUuODQ4MDg5NiJ9:1p3WCY:zFJ8LaDoHGUjKCjgOouN_b6MmVwn8GB7-numHCg39Eg", "expire_date": "2022-12-23T05:45:38.613Z"}}, {"model": "accounts.user", "pk": 1, "fields": {"password": "pbkdf2_sha256$390000$C65S5xWDC84RDRLDnbJ8uj$O3KvT82r86xtgUq/vKUL0R3oZYEZ4AzuEQ1qdAQDgIc=", "first_name": "Jithin", "last_name": "Vs", "username": "jithinvsvks", "email": "jithinvsvks@gmail.com", "phone_number": "", "role": null, "date_joined": "2022-12-08T21:58:30.428Z", "last_login": "2022-12-09T06:47:53.716Z", "created_date": "2022-12-08T21:58:30.428Z", "modified_date": "2022-12-08T21:58:30.428Z", "is_admin": true, "is_staff": true, "is_active": true, "is_superadmin": true}}, {"model": "accounts.user", "pk": 2, "fields": {"password": "pbkdf2_sha256$390000$IAtaG4uqlYgHTcPuQEwXJB$/erXdodk53S8fq4lAyCkAHcrQsMMoIKaRtOjLtpsUpM=", "first_name": "Jithin", "last_name": "Vs", "username": "jithinvs009", "email": "jithinvs009@gmail.com", "phone_number": "9446931125", "role": 2, "date_joined": "2022-12-08T21:59:52.954Z", "last_login": "2022-12-09T07:12:33.328Z", "created_date": "2022-12-08T21:59:52.954Z", "modified_date": "2022-12-08T21:59:52.954Z", "is_admin": false, "is_staff": false, "is_active": true, "is_superadmin": false}}, {"model": "accounts.user", "pk": 11, "fields": {"password": "pbkdf2_sha256$390000$5vxWGKYWVFOck4j32zXPCO$+V+KX8qrr1c+Sb9GAf3ntf85H0CBqLdmXojK2nShULI=", "first_name": "Johny", "last_name": "john", "username": "johnyjohn009@gmail.com", "email": "johnyjohn009@gmail.com", "phone_number": "", "role": 1, "date_joined": "2022-12-08T22:15:39.785Z", "last_login": "2022-12-09T07:12:25.572Z", "created_date": "2022-12-08T22:15:39.785Z", "modified_date": "2022-12-08T22:15:39.785Z", "is_admin": false, "is_staff": false, "is_active": true, "is_superadmin": false}}, {"model": "accounts.user", "pk": 12, "fields": {"password": "pbkdf2_sha256$390000$mvXwNoEVTd8Y9h8UVYwrxh$tEKI2sZQzLLP4S0pGD0+srVnoTaAn7CLMez1CxsljV0=", "first_name": "jithin", "last_name": "raj", "username": "jithinraj", "email": "jithinraj@gmail.com", "phone_number": "", "role": 1, "date_joined": "2022-12-08T22:16:31.037Z", "last_login": "2022-12-09T03:57:10.479Z", "created_date": "2022-12-08T22:16:31.037Z", "modified_date": "2022-12-08T22:16:31.037Z", "is_admin": false, "is_staff": false, "is_active": true, "is_superadmin": false}}, {"model": "accounts.user", "pk": 13, "fields": {"password": "pbkdf2_sha256$390000$JcEoJNNGFsEePuxVDT55Jp$pI3RcWcKDvigbA/SP9Kjuci6BnvDJAXfBOdNWb0ELbs=", "first_name": "Jithin", "last_name": "restaurant", "username": "jithinrest@gmail.com", "email": "jithinrest@gmail.com", "phone_number": "", "role": 1, "date_joined": "2022-12-08T22:17:47.279Z", "last_login": "2022-12-08T22:17:47.279Z", "created_date": "2022-12-08T22:17:47.279Z", "modified_date": "2022-12-08T22:17:47.279Z", "is_admin": false, "is_staff": false, "is_active": true, "is_superadmin": false}}, {"model": "accounts.user", "pk": 14, "fields": {"password": "pbkdf2_sha256$390000$uHEfIGfdlgEV1IFTRSMT4s$wGEMF+lW9Cjkwqo5QgaX1mWW9SrequBNZ8DQqEfeaiU=", "first_name": "jithu", "last_name": "vs", "username": "jithuvs", "email": "jithuvs@gmail.com", "phone_number": "", "role": 1, "date_joined": "2022-12-08T22:18:36.583Z", "last_login": "2022-12-08T22:18:36.583Z", "created_date": "2022-12-08T22:18:36.583Z", "modified_date": "2022-12-08T22:18:36.583Z", "is_admin": false, "is_staff": false, "is_active": true, "is_superadmin": false}}, {"model": "accounts.user", "pk": 15, "fields": {"password": "pbkdf2_sha256$390000$QIgQ60N2S7nfw2acj3ikEt$6bjuKtTFtblW53rwhqhbElZ8C9ypaF+VkLvPyECvZNo=", "first_name": "jithu", "last_name": "raj", "username": "jithuraj", "email": "jithuraj@gmail.com", "phone_number": "", "role": 1, "date_joined": "2022-12-08T22:22:47.093Z", "last_login": "2022-12-08T22:22:47.093Z", "created_date": "2022-12-08T22:22:47.093Z", "modified_date": "2022-12-08T22:22:47.093Z", "is_admin": false, "is_staff": false, "is_active": true, "is_superadmin": false}}, {"model": "accounts.user", "pk": 16, "fields": {"password": "pbkdf2_sha256$390000$B8iEk03vvhL89nHDqbEq07$UamH1BM6B1lJAyq1ScG1JovzVuX0xoX+0jKRXm7IqWQ=", "first_name": "jithu", "last_name": "restaurant", "username": "jithurest", "email": "jithurest@gmail.com", "phone_number": "", "role": 1, "date_joined": "2022-12-08T22:23:43.666Z", "last_login": "2022-12-08T22:23:43.666Z", "created_date": "2022-12-08T22:23:43.666Z", "modified_date": "2022-12-08T22:23:43.666Z", "is_admin": false, "is_staff": false, "is_active": true, "is_superadmin": false}}, {"model": "accounts.user", "pk": 17, "fields": {"password": "pbkdf2_sha256$390000$ySGu3s62SLEGrlQvxvgRli$XGO5rd4TWxZ7JHPu7LIWPazp7FaQLRLVpQDwvp726iI=", "first_name": "jit", "last_name": "rest", "username": "jitrest", "email": "jitrest@gmail.com", "phone_number": "", "role": 1, "date_joined": "2022-12-08T22:24:29.903Z", "last_login": "2022-12-08T22:24:29.903Z", "created_date": "2022-12-08T22:24:29.903Z", "modified_date": "2022-12-08T22:24:29.903Z", "is_admin": false, "is_staff": false, "is_active": true, "is_superadmin": false}}, {"model": "accounts.user", "pk": 18, "fields": {"password": "pbkdf2_sha256$390000$tp8KfJLyWQt2E3BMuh7DVm$PKSjGDM+DIqRebjyJ4MIbuVDpQas5hCJOgRxLNVgqsk=", "first_name": "jit", "last_name": "raj", "username": "jitraj", "email": "jitraj@gmail.com", "phone_number": "", "role": 1, "date_joined": "2022-12-08T22:25:40.369Z", "last_login": "2022-12-08T22:25:40.369Z", "created_date": "2022-12-08T22:25:40.369Z", "modified_date": "2022-12-08T22:25:40.369Z", "is_admin": false, "is_staff": false, "is_active": true, "is_superadmin": false}}, {"model": "accounts.userprofile", "pk": 1, "fields": {"user": 1, "profile_picture": "", "cover_picture": "", "address": null, "country": null, "state": null, "city": null, "pin_code": null, "latitude": null, "longitude": null, "location": null, "created_at": "2022-12-08T21:58:30.433Z", "modified_at": "2022-12-09T06:47:53.746Z"}}, {"model": "accounts.userprofile", "pk": 2, "fields": {"user": 2, "profile_picture": "users/profile_picture/IMG20200701164113.jpg", "cover_picture": "users/cover_photos/IMG20210114073141.jpg", "address": "Eravannur Juma Masjid, Kozhikode, Kerala, India", "country": "India", "state": "Kerala", "city": "Kozhikode", "pin_code": "673585", "latitude": "11.3582579", "longitude": "75.8433062", "location": "SRID=4326;POINT (75.8433062 11.3582579)", "created_at": "2022-12-08T21:59:52.958Z", "modified_at": "2022-12-09T07:12:33.348Z"}}, {"model": "accounts.userprofile", "pk": 11, "fields": {"user": 11, "profile_picture": "users/profile_picture/brand_pic3.jpg", "cover_picture": "users/cover_photos/cover-photo-1.PNG", "address": "Narikkuni Bus Stand, Poonoor - Narikkuni Road, Narikkuni, Kerala, India", "country": "India", "state": "Kerala", "city": "Narikkuni", "pin_code": "673585", "latitude": "11.3678153", "longitude": "75.8642591", "location": "SRID=4326;POINT (75.8642591 11.3678153)", "created_at": "2022-12-08T22:15:39.789Z", "modified_at": "2022-12-09T07:12:25.592Z"}}, {"model": "accounts.userprofile", "pk": 12, "fields": {"user": 12, "profile_picture": "users/profile_picture/burger-600x600.jpg", "cover_picture": "users/cover_photos/cover-photo-2.PNG", "address": "Indian Post Office, Palath, Kerala, India", "country": "India", "state": "Kerala", "city": "Palath", "pin_code": "673611", "latitude": "11.3381684", "longitude": "75.825666", "location": "SRID=4326;POINT (75.825666 11.3381684)", "created_at": "2022-12-08T22:16:31.040Z", "modified_at": "2022-12-09T03:57:10.499Z"}}, {"model": "accounts.userprofile", "pk": 13, "fields": {"user": 13, "profile_picture": "", "cover_picture": "", "address": null, "country": null, "state": null, "city": null, "pin_code": null, "latitude": null, "longitude": null, "location": null, "created_at": "2022-12-08T22:17:47.282Z", "modified_at": "2022-12-08T22:26:05.038Z"}}, {"model": "accounts.userprofile", "pk": 14, "fields": {"user": 14, "profile_picture": "", "cover_picture": "", "address": null, "country": null, "state": null, "city": null, "pin_code": null, "latitude": null, "longitude": null, "location": null, "created_at": "2022-12-08T22:18:36.587Z", "modified_at": "2022-12-08T22:26:14.517Z"}}, {"model": "accounts.userprofile", "pk": 15, "fields": {"user": 15, "profile_picture": "", "cover_picture": "", "address": null, "country": null, "state": null, "city": null, "pin_code": null, "latitude": null, "longitude": null, "location": null, "created_at": "2022-12-08T22:22:47.097Z", "modified_at": "2022-12-08T22:26:21.371Z"}}, {"model": "accounts.userprofile", "pk": 16, "fields": {"user": 16, "profile_picture": "", "cover_picture": "", "address": null, "country": null, "state": null, "city": null, "pin_code": null, "latitude": null, "longitude": null, "location": null, "created_at": "2022-12-08T22:23:43.670Z", "modified_at": "2022-12-08T22:26:28.745Z"}}, {"model": "accounts.userprofile", "pk": 17, "fields": {"user": 17, "profile_picture": "", "cover_picture": "", "address": null, "country": null, "state": null, "city": null, "pin_code": null, "latitude": null, "longitude": null, "location": null, "created_at": "2022-12-08T22:24:29.906Z", "modified_at": "2022-12-08T22:26:35.206Z"}}, {"model": "accounts.userprofile", "pk": 18, "fields": {"user": 18, "profile_picture": "", "cover_picture": "", "address": null, "country": null, "state": null, "city": null, "pin_code": null, "latitude": null, "longitude": null, "location": null, "created_at": "2022-12-08T22:25:40.372Z", "modified_at": "2022-12-08T22:26:41.385Z"}}, {"model": "vendor.vendor", "pk": 1, "fields": {"user": 11, "user_profile": 11, "vendor_name": "John restaurant", "vendor_slug": "john-restaurant-11", "vendor_license": "vendor/license/paid.png", "is_approved": true, "created_at": "2022-12-08T22:15:39.825Z", "modified_at": "2022-12-09T06:53:56.278Z"}}, {"model": "vendor.vendor", "pk": 2, "fields": {"user": 12, "user_profile": 12, "vendor_name": "Raj's Restaurant", "vendor_slug": "rajs-restaurant-12", "vendor_license": "vendor/license/paid_dFVu9gB.png", "is_approved": true, "created_at": "2022-12-08T22:16:31.072Z", "modified_at": "2022-12-09T06:53:56.271Z"}}, {"model": "vendor.vendor", "pk": 3, "fields": {"user": 13, "user_profile": 13, "vendor_name": "Jithin's Restaurant", "vendor_slug": "jithins-restaurant-13", "vendor_license": "vendor/license/paid_0LNiAQD.png", "is_approved": true, "created_at": "2022-12-08T22:17:47.317Z", "modified_at": "2022-12-09T06:53:56.264Z"}}, {"model": "vendor.vendor", "pk": 4, "fields": {"user": 14, "user_profile": 14, "vendor_name": "Dev Grills Restaurant", "vendor_slug": "dev-grills-restaurant-14", "vendor_license": "vendor/license/paid_HAY4nel.png", "is_approved": true, "created_at": "2022-12-08T22:18:36.616Z", "modified_at": "2022-12-09T06:53:56.257Z"}}, {"model": "vendor.vendor", "pk": 5, "fields": {"user": 15, "user_profile": 15, "vendor_name": "New grills restaurant", "vendor_slug": "new-grills-restaurant-15", "vendor_license": "vendor/license/paid_WfC2cAM.png", "is_approved": true, "created_at": "2022-12-08T22:22:47.129Z", "modified_at": "2022-12-09T06:53:56.249Z"}}, {"model": "vendor.vendor", "pk": 6, "fields": {"user": 16, "user_profile": 16, "vendor_name": "Best grills restaurant", "vendor_slug": "best-grills-restaurant-16", "vendor_license": "vendor/license/paid_ah1fk1i.png", "is_approved": true, "created_at": "2022-12-08T22:23:43.703Z", "modified_at": "2022-12-09T06:53:56.242Z"}}, {"model": "vendor.vendor", "pk": 7, "fields": {"user": 17, "user_profile": 17, "vendor_name": "Great grills restautant", "vendor_slug": "great-grills-restautant-17", "vendor_license": "vendor/license/paid_b6HDhGS.png", "is_approved": true, "created_at": "2022-12-08T22:24:29.939Z", "modified_at": "2022-12-09T06:53:56.235Z"}}, {"model": "vendor.vendor", "pk": 8, "fields": {"user": 18, "user_profile": 18, "vendor_name": "Malabar grills restaurant", "vendor_slug": "malabar-grills-restaurant-18", "vendor_license": "vendor/license/paid_eu3IomQ.png", "is_approved": true, "created_at": "2022-12-08T22:25:40.407Z", "modified_at": "2022-12-09T06:53:56.223Z"}}, {"model": "vendor.openinghour", "pk": 1, "fields": {"vendor": 1, "day": 1, "from_hour": "10:00 AM", "to_hour": "10:00 PM", "is_closed": false}}, {"model": "vendor.openinghour", "pk": 2, "fields": {"vendor": 1, "day": 2, "from_hour": "10:00 AM", "to_hour": "11:00 PM", "is_closed": false}}, {"model": "vendor.openinghour", "pk": 3, "fields": {"vendor": 1, "day": 3, "from_hour": "10:00 AM", "to_hour": "10:00 PM", "is_closed": false}}, {"model": "vendor.openinghour", "pk": 4, "fields": {"vendor": 1, "day": 4, "from_hour": "10:00 AM", "to_hour": "10:30 PM", "is_closed": false}}, {"model": "vendor.openinghour", "pk": 5, "fields": {"vendor": 1, "day": 5, "from_hour": "10:00 AM", "to_hour": "10:30 PM", "is_closed": false}}, {"model": "vendor.openinghour", "pk": 6, "fields": {"vendor": 1, "day": 6, "from_hour": "09:30 AM", "to_hour": "11:00 PM", "is_closed": false}}, {"model": "vendor.openinghour", "pk": 7, "fields": {"vendor": 1, "day": 7, "from_hour": "", "to_hour": "", "is_closed": true}}, {"model": "menu.category", "pk": 1, "fields": {"vendor": 1, "category_name": "Chicken", "slug": "chicken-1", "description": "Best chicken items", "created_at": "2022-12-08T22:33:47.801Z", "updated_at": "2022-12-08T22:33:47.809Z"}}, {"model": "menu.category", "pk": 2, "fields": {"vendor": 1, "category_name": "Fish", "slug": "fish-2", "description": "Best fish items", "created_at": "2022-12-08T22:34:07.546Z", "updated_at": "2022-12-08T22:34:07.549Z"}}, {"model": "menu.category", "pk": 3, "fields": {"vendor": 1, "category_name": "Burger", "slug": "burger-3", "description": "Best burgers", "created_at": "2022-12-08T22:34:20.392Z", "updated_at": "2022-12-08T22:34:20.397Z"}}, {"model": "menu.category", "pk": 4, "fields": {"vendor": 1, "category_name": "Pizza", "slug": "pizza-4", "description": "Best pizzas", "created_at": "2022-12-08T22:34:34.158Z", "updated_at": "2022-12-08T22:34:34.162Z"}}, {"model": "menu.category", "pk": 5, "fields": {"vendor": 2, "category_name": "Chicken", "slug": "chicken-5", "description": "Best Chicken", "created_at": "2022-12-09T00:14:20.883Z", "updated_at": "2022-12-09T00:14:20.887Z"}}, {"model": "menu.fooditem", "pk": 1, "fields": {"vendor": 1, "category": 1, "food_title": "Chicken Fry", "slug": "chicken-fry-None", "description": "Yummy chicken fry", "price": "150.00", "image": "foodimages/chicken-600x600.jpg", "is_available": true, "created_at": "2022-12-08T22:37:16.996Z", "updated_at": "2022-12-08T22:37:16.996Z"}}, {"model": "menu.fooditem", "pk": 2, "fields": {"vendor": 1, "category": 1, "food_title": "Chicken alfaham", "slug": "chicken-alfaham-None", "description": "Best Chicken alfaham", "price": "200.00", "image": "foodimages/chicken-barbeque.jpg", "is_available": true, "created_at": "2022-12-08T22:37:55.908Z", "updated_at": "2022-12-08T22:37:55.908Z"}}, {"model": "menu.fooditem", "pk": 3, "fields": {"vendor": 1, "category": 2, "food_title": "Fish fry", "slug": "fish-fry-None", "description": "Best Fish fry", "price": "150.00", "image": "foodimages/tuna-fish.jpg", "is_available": true, "created_at": "2022-12-08T22:38:26.832Z", "updated_at": "2022-12-08T22:38:26.832Z"}}, {"model": "menu.fooditem", "pk": 4, "fields": {"vendor": 1, "category": 2, "food_title": "Fish grill", "slug": "fish-grill-None", "description": "Best Fish grill", "price": "150.00", "image": "foodimages/seafood-600x600.jpg", "is_available": true, "created_at": "2022-12-08T22:38:47.774Z", "updated_at": "2022-12-08T22:38:47.774Z"}}, {"model": "menu.fooditem", "pk": 5, "fields": {"vendor": 1, "category": 3, "food_title": "Veg burger", "slug": "veg-burger-None", "description": "Best Veg burger", "price": "100.00", "image": "foodimages/burger-600x600.jpg", "is_available": true, "created_at": "2022-12-08T22:39:19.174Z", "updated_at": "2022-12-08T22:39:19.174Z"}}, {"model": "menu.fooditem", "pk": 6, "fields": {"vendor": 1, "category": 3, "food_title": "Non Veg burger", "slug": "non-veg-burger-None", "description": "Best Non Veg burger", "price": "150.00", "image": "foodimages/profile-picture-3.PNG", "is_available": true, "created_at": "2022-12-08T22:39:45.513Z", "updated_at": "2022-12-08T22:39:45.513Z"}}, {"model": "menu.fooditem", "pk": 7, "fields": {"vendor": 1, "category": 4, "food_title": "Pizza", "slug": "pizza-None", "description": "Best Pizza", "price": "200.00", "image": "foodimages/brand_pic3.jpg", "is_available": true, "created_at": "2022-12-08T22:40:15.978Z", "updated_at": "2022-12-08T22:40:15.978Z"}}, {"model": "menu.fooditem", "pk": 10, "fields": {"vendor": 2, "category": 5, "food_title": "Chicken Fry", "slug": "chicken-fry-10", "description": "Best chicken fry", "price": "150.00", "image": "foodimages/chicken-600x600_LTXLoSJ.jpg", "is_available": true, "created_at": "2022-12-09T00:23:12.547Z", "updated_at": "2022-12-09T00:23:12.555Z"}}, {"model": "marketplace.tax", "pk": 1, "fields": {"tax_type": "CGST", "tax_percentage": "9.00", "is_active": true}}, {"model": "marketplace.tax", "pk": 2, "fields": {"tax_type": "SGST", "tax_percentage": "9.00", "is_active": true}}, {"model": "orders.order", "pk": 1, "fields": {"user": 2, "vendor": 1, "order_number": "202212090414121", "first_name": "Jithin", "last_name": "Vs", "phone": "9446931125", "email": "jithinvs009@gmail.com", "address": "Eravannur Juma Masjid, Kozhikode, Kerala, India", "country": "India", "state": "Kerala", "city": "Kozhikode", "pin_code": "673585", "total": 500.0, "tax_data": "\"{}\"", "total_tax": 0.0, "status": "New", "is_ordered": true, "created_at": "2022-12-08T22:44:12.619Z", "updated_at": "2022-12-08T22:44:12.626Z"}}, {"model": "orders.order", "pk": 2, "fields": {"user": 2, "vendor": 1, "order_number": "202212090427222", "first_name": "Jithin", "last_name": "Vs", "phone": "9446931125", "email": "jithinvs009@gmail.com", "address": "Eravannur Juma Masjid, Kozhikode, Kerala, India", "country": "India", "state": "Kerala", "city": "Kozhikode", "pin_code": "673585", "total": 750.0, "tax_data": "\"{}\"", "total_tax": 0.0, "status": "New", "is_ordered": true, "created_at": "2022-12-08T22:57:22.305Z", "updated_at": "2022-12-08T22:57:22.313Z"}}, {"model": "orders.order", "pk": 3, "fields": {"user": 2, "vendor": 1, "order_number": "202212090430003", "first_name": "Jithin", "last_name": "Vs", "phone": "9446931125", "email": "jithinvs009@gmail.com", "address": "Eravannur Juma Masjid, Kozhikode, Kerala, India", "country": "India", "state": "Kerala", "city": "Kozhikode", "pin_code": "673585", "total": 550.0, "tax_data": "\"{}\"", "total_tax": 0.0, "status": "New", "is_ordered": true, "created_at": "2022-12-08T23:00:00.796Z", "updated_at": "2022-12-08T23:00:00.806Z"}}, {"model": "orders.order", "pk": 4, "fields": {"user": 2, "vendor": 1, "order_number": "202212090431344", "first_name": "Jithin", "last_name": "Vs", "phone": "9446931125", "email": "jithinvs009@gmail.com", "address": "Eravannur Juma Masjid, Kozhikode, Kerala, India", "country": "India", "state": "Kerala", "city": "Kozhikode", "pin_code": "673585", "total": 450.0, "tax_data": "\"{}\"", "total_tax": 0.0, "status": "New", "is_ordered": true, "created_at": "2022-12-08T23:01:34.805Z", "updated_at": "2022-12-08T23:01:34.810Z"}}, {"model": "orders.order", "pk": 5, "fields": {"user": 2, "vendor": 1, "order_number": "202212090434245", "first_name": "Jithin", "last_name": "Vs", "phone": "9446931125", "email": "jithinvs009@gmail.com", "address": "Eravannur Juma Masjid, Kozhikode, Kerala, India", "country": "India", "state": "Kerala", "city": "Kozhikode", "pin_code": "673585", "total": 531.0, "tax_data": "\"{'CGST': {'9.00': '40.50'}, 'SGST': {'9.00': '40.50'}}\"", "total_tax": 81.0, "status": "New", "is_ordered": true, "created_at": "2022-12-08T23:04:24.948Z", "updated_at": "2022-12-08T23:04:24.954Z"}}, {"model": "orders.order", "pk": 6, "fields": {"user": 2, "vendor": 1, "order_number": "202212090442296", "first_name": "Jithin", "last_name": "Vs", "phone": "9446931125", "email": "jithinvs009@gmail.com", "address": "Eravannur Juma Masjid, Kozhikode, Kerala, India", "country": "India", "state": "Kerala", "city": "Kozhikode", "pin_code": "673585", "total": 531.0, "tax_data": "\"{'CGST': {'9.00': '40.50'}, 'SGST': {'9.00': '40.50'}}\"", "total_tax": 81.0, "status": "New", "is_ordered": true, "created_at": "2022-12-08T23:12:29.243Z", "updated_at": "2022-12-08T23:12:29.251Z"}}, {"model": "orders.order", "pk": 7, "fields": {"user": 2, "vendor": 1, "order_number": "202212090444477", "first_name": "Jithin", "last_name": "Vs", "phone": "9446931125", "email": "jithinvs009@gmail.com", "address": "Eravannur Juma Masjid, Kozhikode, Kerala, India", "country": "India", "state": "Kerala", "city": "Kozhikode", "pin_code": "673585", "total": 531.0, "tax_data": "\"{'CGST': {'9.00': '40.50'}, 'SGST': {'9.00': '40.50'}}\"", "total_tax": 81.0, "status": "New", "is_ordered": true, "created_at": "2022-12-08T23:14:47.512Z", "updated_at": "2022-12-08T23:14:47.517Z"}}, {"model": "orders.order", "pk": 8, "fields": {"user": 2, "vendor": 1, "order_number": "202212090445238", "first_name": "Jithin", "last_name": "Vs", "phone": "9446931125", "email": "jithinvs009@gmail.com", "address": "Eravannur Juma Masjid, Kozhikode, Kerala, India", "country": "India", "state": "Kerala", "city": "Kozhikode", "pin_code": "673585", "total": 531.0, "tax_data": "\"{'CGST': {'9.00': '40.50'}, 'SGST': {'9.00': '40.50'}}\"", "total_tax": 81.0, "status": "New", "is_ordered": true, "created_at": "2022-12-08T23:15:23.598Z", "updated_at": "2022-12-08T23:15:23.602Z"}}, {"model": "orders.order", "pk": 9, "fields": {"user": 2, "vendor": 1, "order_number": "202212090500329", "first_name": "Jithin", "last_name": "Vs", "phone": "9446931125", "email": "jithinvs009@gmail.com", "address": "Eravannur Juma Masjid, Kozhikode, Kerala, India", "country": "India", "state": "Kerala", "city": "Kozhikode", "pin_code": "673585", "total": 531.0, "tax_data": "\"{'CGST': {'9.00': '40.50'}, 'SGST': {'9.00': '40.50'}}\"", "total_tax": 81.0, "status": "New", "is_ordered": true, "created_at": "2022-12-08T23:30:32.066Z", "updated_at": "2022-12-08T23:30:32.074Z"}}, {"model": "orders.order", "pk": 10, "fields": {"user": 2, "vendor": 1, "order_number": "2022120905015410", "first_name": "Jithin", "last_name": "Vs", "phone": "9446931125", "email": "jithinvs009@gmail.com", "address": "Eravannur Juma Masjid, Kozhikode, Kerala, India", "country": "India", "state": "Kerala", "city": "Kozhikode", "pin_code": "673585", "total": 531.0, "tax_data": "\"{'CGST': {'9.00': '40.50'}, 'SGST': {'9.00': '40.50'}}\"", "total_tax": 81.0, "status": "New", "is_ordered": true, "created_at": "2022-12-08T23:31:54.828Z", "updated_at": "2022-12-08T23:31:54.833Z"}}, {"model": "orders.order", "pk": 11, "fields": {"user": 2, "vendor": 1, "order_number": "2022120905083711", "first_name": "Jithin", "last_name": "Vs", "phone": "9446931125", "email": "jithinvs009@gmail.com", "address": "Eravannur Juma Masjid, Kozhikode, Kerala, India", "country": "India", "state": "Kerala", "city": "Kozhikode", "pin_code": "673585", "total": 531.0, "tax_data": "\"{'CGST': {'9.00': '40.50'}, 'SGST': {'9.00': '40.50'}}\"", "total_tax": 81.0, "status": "New", "is_ordered": true, "created_at": "2022-12-08T23:38:37.991Z", "updated_at": "2022-12-08T23:38:37.996Z"}}, {"model": "orders.order", "pk": 12, "fields": {"user": 2, "vendor": 1, "order_number": "2022120905093712", "first_name": "Jithin", "last_name": "Vs", "phone": "9446931125", "email": "jithinvs009@gmail.com", "address": "Eravannur Juma Masjid, Kozhikode, Kerala, India", "country": "India", "state": "Kerala", "city": "Kozhikode", "pin_code": "673585", "total": 1121.0, "tax_data": "\"{'CGST': {'9.00': '85.50'}, 'SGST': {'9.00': '85.50'}}\"", "total_tax": 171.0, "status": "New", "is_ordered": true, "created_at": "2022-12-08T23:39:37.429Z", "updated_at": "2022-12-08T23:39:37.436Z"}}, {"model": "orders.order", "pk": 13, "fields": {"user": 2, "vendor": 1, "order_number": "2022120905104613", "first_name": "Jithin", "last_name": "Vs", "phone": "9446931125", "email": "jithinvs009@gmail.com", "address": "Eravannur Juma Masjid, Kozhikode, Kerala, India", "country": "India", "state": "Kerala", "city": "Kozhikode", "pin_code": "673585", "total": 590.0, "tax_data": "\"{'CGST': {'9.00': '45.00'}, 'SGST': {'9.00': '45.00'}}\"", "total_tax": 90.0, "status": "New", "is_ordered": true, "created_at": "2022-12-08T23:40:46.842Z", "updated_at": "2022-12-08T23:40:46.851Z"}}, {"model": "orders.order", "pk": 14, "fields": {"user": 2, "vendor": 1, "order_number": "2022120905155514", "first_name": "Jithin", "last_name": "Vs", "phone": "9446931125", "email": "jithinvs009@gmail.com", "address": "Eravannur Juma Masjid, Kozhikode, Kerala, India", "country": "India", "state": "Kerala", "city": "Kozhikode", "pin_code": "673585", "total": 590.0, "tax_data": "\"{'CGST': {'9.00': '45.00'}, 'SGST': {'9.00': '45.00'}}\"", "total_tax": 90.0, "status": "New", "is_ordered": true, "created_at": "2022-12-08T23:45:55.338Z", "updated_at": "2022-12-08T23:45:55.343Z"}}, {"model": "orders.order", "pk": 15, "fields": {"user": 2, "vendor": 1, "order_number": "2022120905191115", "first_name": "Jithin", "last_name": "Vs", "phone": "9446931125", "email": "jithinvs009@gmail.com", "address": "Eravannur Juma Masjid, Kozhikode, Kerala, India", "country": "India", "state": "Kerala", "city": "Kozhikode", "pin_code": "673585", "total": 590.0, "tax_data": "\"{'CGST': {'9.00': '45.00'}, 'SGST': {'9.00': '45.00'}}\"", "total_tax": 90.0, "status": "New", "is_ordered": true, "created_at": "2022-12-08T23:49:11.285Z", "updated_at": "2022-12-08T23:49:11.290Z"}}, {"model": "orders.order", "pk": 16, "fields": {"user": 2, "vendor": 1, "order_number": "2022120905192616", "first_name": "Jithin", "last_name": "Vs", "phone": "9446931125", "email": "jithinvs009@gmail.com", "address": "Eravannur Juma Masjid, Kozhikode, Kerala, India", "country": "India", "state": "Kerala", "city": "Kozhikode", "pin_code": "673585", "total": 590.0, "tax_data": "\"{'CGST': {'9.00': '45.00'}, 'SGST': {'9.00': '45.00'}}\"", "total_tax": 90.0, "status": "New", "is_ordered": true, "created_at": "2022-12-08T23:49:26.272Z", "updated_at": "2022-12-08T23:49:26.279Z"}}, {"model": "orders.order", "pk": 17, "fields": {"user": 2, "vendor": 1, "order_number": "2022120905261217", "first_name": "Jithin", "last_name": "Vs", "phone": "9446931125", "email": "jithinvs009@gmail.com", "address": "Eravannur Juma Masjid, Kozhikode, Kerala, India", "country": "India", "state": "Kerala", "city": "Kozhikode", "pin_code": "673585", "total": 590.0, "tax_data": "\"{'CGST': {'9.00': '45.00'}, 'SGST': {'9.00': '45.00'}}\"", "total_tax": 90.0, "status": "New", "is_ordered": true, "created_at": "2022-12-08T23:56:12.945Z", "updated_at": "2022-12-08T23:56:12.950Z"}}, {"model": "orders.order", "pk": 18, "fields": {"user": 2, "vendor": 1, "order_number": "2022120905314618", "first_name": "Jithin", "last_name": "Vs", "phone": "9446931125", "email": "jithinvs009@gmail.com", "address": "Eravannur Juma Masjid, Kozhikode, Kerala, India", "country": "India", "state": "Kerala", "city": "Kozhikode", "pin_code": "673585", "total": 590.0, "tax_data": "\"{'CGST': {'9.00': '45.00'}, 'SGST': {'9.00': '45.00'}}\"", "total_tax": 90.0, "status": "New", "is_ordered": true, "created_at": "2022-12-09T00:01:46.626Z", "updated_at": "2022-12-09T00:01:46.631Z"}}, {"model": "orders.order", "pk": 19, "fields": {"user": 2, "vendor": 1, "order_number": "2022120905365219", "first_name": "Jithin", "last_name": "Vs", "phone": "9446931125", "email": "jithinvs009@gmail.com", "address": "Eravannur Juma Masjid, Kozhikode, Kerala, India", "country": "India", "state": "Kerala", "city": "Kozhikode", "pin_code": "673585", "total": 590.0, "tax_data": "\"{'CGST': {'9.00': '45.00'}, 'SGST': {'9.00': '45.00'}}\"", "total_tax": 90.0, "status": "New", "is_ordered": true, "created_at": "2022-12-09T00:06:52.738Z", "updated_at": "2022-12-09T00:06:52.743Z"}}, {"model": "orders.order", "pk": 20, "fields": {"user": 2, "vendor": 1, "order_number": "2022120905395120", "first_name": "Jithin", "last_name": "Vs", "phone": "9446931125", "email": "jithinvs009@gmail.com", "address": "Eravannur Juma Masjid, Kozhikode, Kerala, India", "country": "India", "state": "Kerala", "city": "Kozhikode", "pin_code": "673585", "total": 590.0, "tax_data": "\"{'CGST': {'9.00': '45.00'}, 'SGST': {'9.00': '45.00'}}\"", "total_tax": 90.0, "status": "New", "is_ordered": true, "created_at": "2022-12-09T00:09:51.743Z", "updated_at": "2022-12-09T00:09:51.750Z"}}, {"model": "orders.order", "pk": 21, "fields": {"user": 2, "vendor": 1, "order_number": "2022120905535221", "first_name": "Jithin", "last_name": "Vs", "phone": "9446931125", "email": "jithinvs009@gmail.com", "address": "Eravannur Juma Masjid, Kozhikode, Kerala, India", "country": "India", "state": "Kerala", "city": "Kozhikode", "pin_code": "673585", "total": 590.0, "tax_data": "\"{'CGST': {'9.00': '45.00'}, 'SGST': {'9.00': '45.00'}}\"", "total_tax": 90.0, "status": "New", "is_ordered": true, "created_at": "2022-12-09T00:23:52.095Z", "updated_at": "2022-12-09T00:23:52.099Z"}}, {"model": "orders.order", "pk": 22, "fields": {"user": 2, "vendor": 2, "order_number": "2022120905535222", "first_name": "Jithin", "last_name": "Vs", "phone": "9446931125", "email": "jithinvs009@gmail.com", "address": "Eravannur Juma Masjid, Kozhikode, Kerala, India", "country": "India", "state": "Kerala", "city": "Kozhikode", "pin_code": "673585", "total": 354.0, "tax_data": "\"{'CGST': {'9.00': '27.00'}, 'SGST': {'9.00': '27.00'}}\"", "total_tax": 54.0, "status": "New", "is_ordered": true, "created_at": "2022-12-09T00:23:52.111Z", "updated_at": "2022-12-09T00:23:52.114Z"}}, {"model": "orders.order", "pk": 23, "fields": {"user": 2, "vendor": 1, "order_number": "2022120905544423", "first_name": "Jithin", "last_name": "Vs", "phone": "9446931125", "email": "jithinvs009@gmail.com", "address": "Eravannur Juma Masjid, Kozhikode, Kerala, India", "country": "India", "state": "Kerala", "city": "Kozhikode", "pin_code": "673585", "total": 590.0, "tax_data": "\"{'CGST': {'9.00': '45.00'}, 'SGST': {'9.00': '45.00'}}\"", "total_tax": 90.0, "status": "New", "is_ordered": true, "created_at": "2022-12-09T00:24:44.920Z", "updated_at": "2022-12-09T00:24:44.925Z"}}, {"model": "orders.order", "pk": 24, "fields": {"user": 2, "vendor": 2, "order_number": "2022120905544424", "first_name": "Jithin", "last_name": "Vs", "phone": "9446931125", "email": "jithinvs009@gmail.com", "address": "Eravannur Juma Masjid, Kozhikode, Kerala, India", "country": "India", "state": "Kerala", "city": "Kozhikode", "pin_code": "673585", "total": 354.0, "tax_data": "\"{'CGST': {'9.00': '27.00'}, 'SGST': {'9.00': '27.00'}}\"", "total_tax": 54.0, "status": "New", "is_ordered": true, "created_at": "2022-12-09T00:24:44.937Z", "updated_at": "2022-12-09T00:24:44.939Z"}}, {"model": "orders.order", "pk": 25, "fields": {"user": 2, "vendor": 1, "order_number": "2022120905562025", "first_name": "Jithin", "last_name": "Vs", "phone": "9446931125", "email": "jithinvs009@gmail.com", "address": "Eravannur Juma Masjid, Kozhikode, Kerala, India", "country": "India", "state": "Kerala", "city": "Kozhikode", "pin_code": "673585", "total": 590.0, "tax_data": "\"{'CGST': {'9.00': '45.00'}, 'SGST': {'9.00': '45.00'}}\"", "total_tax": 90.0, "status": "New", "is_ordered": true, "created_at": "2022-12-09T00:26:20.699Z", "updated_at": "2022-12-09T00:26:20.704Z"}}, {"model": "orders.order", "pk": 26, "fields": {"user": 2, "vendor": 2, "order_number": "2022120905562026", "first_name": "Jithin", "last_name": "Vs", "phone": "9446931125", "email": "jithinvs009@gmail.com", "address": "Eravannur Juma Masjid, Kozhikode, Kerala, India", "country": "India", "state": "Kerala", "city": "Kozhikode", "pin_code": "673585", "total": 354.0, "tax_data": "\"{'CGST': {'9.00': '27.00'}, 'SGST': {'9.00': '27.00'}}\"", "total_tax": 54.0, "status": "New", "is_ordered": true, "created_at": "2022-12-09T00:26:20.717Z", "updated_at": "2022-12-09T00:26:20.720Z"}}, {"model": "orders.order", "pk": 27, "fields": {"user": 2, "vendor": 1, "order_number": "2022120905570827", "first_name": "Jithin", "last_name": "Vs", "phone": "9446931125", "email": "jithinvs009@gmail.com", "address": "Eravannur Juma Masjid, Kozhikode, Kerala, India", "country": "India", "state": "Kerala", "city": "Kozhikode", "pin_code": "673585", "total": 590.0, "tax_data": "\"{'CGST': {'9.00': '45.00'}, 'SGST': {'9.00': '45.00'}}\"", "total_tax": 90.0, "status": "New", "is_ordered": true, "created_at": "2022-12-09T00:27:08.259Z", "updated_at": "2022-12-09T00:27:08.265Z"}}, {"model": "orders.order", "pk": 28, "fields": {"user": 2, "vendor": 2, "order_number": "2022120905570828", "first_name": "Jithin", "last_name": "Vs", "phone": "9446931125", "email": "jithinvs009@gmail.com", "address": "Eravannur Juma Masjid, Kozhikode, Kerala, India", "country": "India", "state": "Kerala", "city": "Kozhikode", "pin_code": "673585", "total": 354.0, "tax_data": "\"{'CGST': {'9.00': '27.00'}, 'SGST': {'9.00': '27.00'}}\"", "total_tax": 54.0, "status": "New", "is_ordered": true, "created_at": "2022-12-09T00:27:08.277Z", "updated_at": "2022-12-09T00:27:08.279Z"}}, {"model": "orders.order", "pk": 29, "fields": {"user": 2, "vendor": 1, "order_number": "2022120905583229", "first_name": "Jithin", "last_name": "Vs", "phone": "9446931125", "email": "jithinvs009@gmail.com", "address": "Eravannur Juma Masjid, Kozhikode, Kerala, India", "country": "India", "state": "Kerala", "city": "Kozhikode", "pin_code": "673585", "total": 590.0, "tax_data": "\"{'CGST': {'9.00': '45.00'}, 'SGST': {'9.00': '45.00'}}\"", "total_tax": 90.0, "status": "New", "is_ordered": true, "created_at": "2022-12-09T00:28:32.864Z", "updated_at": "2022-12-09T00:28:32.869Z"}}, {"model": "orders.order", "pk": 30, "fields": {"user": 2, "vendor": 2, "order_number": "2022120905583230", "first_name": "Jithin", "last_name": "Vs", "phone": "9446931125", "email": "jithinvs009@gmail.com", "address": "Eravannur Juma Masjid, Kozhikode, Kerala, India", "country": "India", "state": "Kerala", "city": "Kozhikode", "pin_code": "673585", "total": 354.0, "tax_data": "\"{'CGST': {'9.00': '27.00'}, 'SGST': {'9.00': '27.00'}}\"", "total_tax": 54.0, "status": "New", "is_ordered": true, "created_at": "2022-12-09T00:28:32.879Z", "updated_at": "2022-12-09T00:28:32.881Z"}}, {"model": "orders.order", "pk": 31, "fields": {"user": 2, "vendor": 1, "order_number": "2022120905585731", "first_name": "Jithin", "last_name": "Vs", "phone": "9446931125", "email": "jithinvs009@gmail.com", "address": "Eravannur Juma Masjid, Kozhikode, Kerala, India", "country": "India", "state": "Kerala", "city": "Kozhikode", "pin_code": "673585", "total": 590.0, "tax_data": "\"{'CGST': {'9.00': '45.00'}, 'SGST': {'9.00': '45.00'}}\"", "total_tax": 90.0, "status": "New", "is_ordered": true, "created_at": "2022-12-09T00:28:57.876Z", "updated_at": "2022-12-09T00:28:57.883Z"}}, {"model": "orders.order", "pk": 32, "fields": {"user": 2, "vendor": 2, "order_number": "2022120905585732", "first_name": "Jithin", "last_name": "Vs", "phone": "9446931125", "email": "jithinvs009@gmail.com", "address": "Eravannur Juma Masjid, Kozhikode, Kerala, India", "country": "India", "state": "Kerala", "city": "Kozhikode", "pin_code": "673585", "total": 354.0, "tax_data": "\"{'CGST': {'9.00': '27.00'}, 'SGST': {'9.00': '27.00'}}\"", "total_tax": 54.0, "status": "New", "is_ordered": true, "created_at": "2022-12-09T00:28:57.895Z", "updated_at": "2022-12-09T00:28:57.898Z"}}, {"model": "orders.order", "pk": 33, "fields": {"user": 2, "vendor": 1, "order_number": "2022120906001333", "first_name": "Jithin", "last_name": "Vs", "phone": "9446931125", "email": "jithinvs009@gmail.com", "address": "Eravannur Juma Masjid, Kozhikode, Kerala, India", "country": "India", "state": "Kerala", "city": "Kozhikode", "pin_code": "673585", "total": 590.0, "tax_data": "\"{'CGST': {'9.00': '45.00'}, 'SGST': {'9.00': '45.00'}}\"", "total_tax": 90.0, "status": "New", "is_ordered": true, "created_at": "2022-12-09T00:30:13.730Z", "updated_at": "2022-12-09T00:30:13.735Z"}}, {"model": "orders.order", "pk": 34, "fields": {"user": 2, "vendor": 2, "order_number": "2022120906001334", "first_name": "Jithin", "last_name": "Vs", "phone": "9446931125", "email": "jithinvs009@gmail.com", "address": "Eravannur Juma Masjid, Kozhikode, Kerala, India", "country": "India", "state": "Kerala", "city": "Kozhikode", "pin_code": "673585", "total": 354.0, "tax_data": "\"{'CGST': {'9.00': '27.00'}, 'SGST': {'9.00': '27.00'}}\"", "total_tax": 54.0, "status": "New", "is_ordered": true, "created_at": "2022-12-09T00:30:13.745Z", "updated_at": "2022-12-09T00:30:13.748Z"}}, {"model": "orders.order", "pk": 35, "fields": {"user": 2, "vendor": 1, "order_number": "2022120906030735", "first_name": "Jithin", "last_name": "Vs", "phone": "9446931125", "email": "jithinvs009@gmail.com", "address": "Eravannur Juma Masjid, Kozhikode, Kerala, India", "country": "India", "state": "Kerala", "city": "Kozhikode", "pin_code": "673585", "total": 590.0, "tax_data": "\"{'CGST': {'9.00': '45.00'}, 'SGST': {'9.00': '45.00'}}\"", "total_tax": 90.0, "status": "New", "is_ordered": true, "created_at": "2022-12-09T00:33:07.526Z", "updated_at": "2022-12-09T00:33:07.533Z"}}, {"model": "orders.order", "pk": 36, "fields": {"user": 2, "vendor": 2, "order_number": "2022120906030736", "first_name": "Jithin", "last_name": "Vs", "phone": "9446931125", "email": "jithinvs009@gmail.com", "address": "Eravannur Juma Masjid, Kozhikode, Kerala, India", "country": "India", "state": "Kerala", "city": "Kozhikode", "pin_code": "673585", "total": 354.0, "tax_data": "\"{'CGST': {'9.00': '27.00'}, 'SGST': {'9.00': '27.00'}}\"", "total_tax": 54.0, "status": "New", "is_ordered": true, "created_at": "2022-12-09T00:33:07.542Z", "updated_at": "2022-12-09T00:33:07.545Z"}}, {"model": "orders.order", "pk": 37, "fields": {"user": 2, "vendor": 1, "order_number": "2022120906031537", "first_name": "Jithin", "last_name": "Vs", "phone": "9446931125", "email": "jithinvs009@gmail.com", "address": "Eravannur Juma Masjid, Kozhikode, Kerala, India", "country": "India", "state": "Kerala", "city": "Kozhikode", "pin_code": "673585", "total": 590.0, "tax_data": "\"{'CGST': {'9.00': '45.00'}, 'SGST': {'9.00': '45.00'}}\"", "total_tax": 90.0, "status": "New", "is_ordered": true, "created_at": "2022-12-09T00:33:15.045Z", "updated_at": "2022-12-09T00:33:15.050Z"}}, {"model": "orders.order", "pk": 38, "fields": {"user": 2, "vendor": 2, "order_number": "2022120906031538", "first_name": "Jithin", "last_name": "Vs", "phone": "9446931125", "email": "jithinvs009@gmail.com", "address": "Eravannur Juma Masjid, Kozhikode, Kerala, India", "country": "India", "state": "Kerala", "city": "Kozhikode", "pin_code": "673585", "total": 354.0, "tax_data": "\"{'CGST': {'9.00': '27.00'}, 'SGST': {'9.00': '27.00'}}\"", "total_tax": 54.0, "status": "New", "is_ordered": true, "created_at": "2022-12-09T00:33:15.062Z", "updated_at": "2022-12-09T00:33:15.064Z"}}, {"model": "orders.order", "pk": 39, "fields": {"user": 2, "vendor": 1, "order_number": "2022120906050939", "first_name": "Jithin", "last_name": "Vs", "phone": "9446931125", "email": "jithinvs009@gmail.com", "address": "Eravannur Juma Masjid, Kozhikode, Kerala, India", "country": "India", "state": "Kerala", "city": "Kozhikode", "pin_code": "673585", "total": 590.0, "tax_data": "\"{'CGST': {'9.00': '45.00'}, 'SGST': {'9.00': '45.00'}}\"", "total_tax": 90.0, "status": "New", "is_ordered": true, "created_at": "2022-12-09T00:35:09.099Z", "updated_at": "2022-12-09T00:35:09.106Z"}}, {"model": "orders.order", "pk": 40, "fields": {"user": 2, "vendor": 2, "order_number": "2022120906050940", "first_name": "Jithin", "last_name": "Vs", "phone": "9446931125", "email": "jithinvs009@gmail.com", "address": "Eravannur Juma Masjid, Kozhikode, Kerala, India", "country": "India", "state": "Kerala", "city": "Kozhikode", "pin_code": "673585", "total": 354.0, "tax_data": "\"{'CGST': {'9.00': '27.00'}, 'SGST': {'9.00': '27.00'}}\"", "total_tax": 54.0, "status": "New", "is_ordered": true, "created_at": "2022-12-09T00:35:09.115Z", "updated_at": "2022-12-09T00:35:09.117Z"}}, {"model": "orders.order", "pk": 41, "fields": {"user": 2, "vendor": 1, "order_number": "2022120906081941", "first_name": "Jithin", "last_name": "Vs", "phone": "9446931125", "email": "jithinvs009@gmail.com", "address": "Eravannur Juma Masjid, Kozhikode, Kerala, India", "country": "India", "state": "Kerala", "city": "Kozhikode", "pin_code": "673585", "total": 590.0, "tax_data": "\"{'CGST': {'9.00': '45.00'}, 'SGST': {'9.00': '45.00'}}\"", "total_tax": 90.0, "status": "New", "is_ordered": true, "created_at": "2022-12-09T00:38:19.843Z", "updated_at": "2022-12-09T00:38:19.847Z"}}, {"model": "orders.order", "pk": 42, "fields": {"user": 2, "vendor": 2, "order_number": "2022120906081942", "first_name": "Jithin", "last_name": "Vs", "phone": "9446931125", "email": "jithinvs009@gmail.com", "address": "Eravannur Juma Masjid, Kozhikode, Kerala, India", "country": "India", "state": "Kerala", "city": "Kozhikode", "pin_code": "673585", "total": 354.0, "tax_data": "\"{'CGST': {'9.00': '27.00'}, 'SGST': {'9.00': '27.00'}}\"", "total_tax": 54.0, "status": "New", "is_ordered": true, "created_at": "2022-12-09T00:38:19.858Z", "updated_at": "2022-12-09T00:38:19.860Z"}}, {"model": "orders.order", "pk": 43, "fields": {"user": 2, "vendor": 1, "order_number": "2022120906112443", "first_name": "Jithin", "last_name": "Vs", "phone": "9446931125", "email": "jithinvs009@gmail.com", "address": "Eravannur Juma Masjid, Kozhikode, Kerala, India", "country": "India", "state": "Kerala", "city": "Kozhikode", "pin_code": "673585", "total": 590.0, "tax_data": "\"{'CGST': {'9.00': '45.00'}, 'SGST': {'9.00': '45.00'}}\"", "total_tax": 90.0, "status": "New", "is_ordered": true, "created_at": "2022-12-09T00:41:24.640Z", "updated_at": "2022-12-09T00:41:24.645Z"}}, {"model": "orders.order", "pk": 44, "fields": {"user": 2, "vendor": 2, "order_number": "2022120906112444", "first_name": "Jithin", "last_name": "Vs", "phone": "9446931125", "email": "jithinvs009@gmail.com", "address": "Eravannur Juma Masjid, Kozhikode, Kerala, India", "country": "India", "state": "Kerala", "city": "Kozhikode", "pin_code": "673585", "total": 354.0, "tax_data": "\"{'CGST': {'9.00': '27.00'}, 'SGST': {'9.00': '27.00'}}\"", "total_tax": 54.0, "status": "New", "is_ordered": true, "created_at": "2022-12-09T00:41:24.656Z", "updated_at": "2022-12-09T00:41:24.659Z"}}, {"model": "orders.order", "pk": 45, "fields": {"user": 2, "vendor": 1, "order_number": "2022120906114945", "first_name": "Jithin", "last_name": "Vs", "phone": "9446931125", "email": "jithinvs009@gmail.com", "address": "Eravannur Juma Masjid, Kozhikode, Kerala, India", "country": "India", "state": "Kerala", "city": "Kozhikode", "pin_code": "673585", "total": 590.0, "tax_data": "\"{'CGST': {'9.00': '45.00'}, 'SGST': {'9.00': '45.00'}}\"", "total_tax": 90.0, "status": "New", "is_ordered": true, "created_at": "2022-12-09T00:41:49.009Z", "updated_at": "2022-12-09T00:41:49.014Z"}}, {"model": "orders.order", "pk": 46, "fields": {"user": 2, "vendor": 2, "order_number": "2022120906114946", "first_name": "Jithin", "last_name": "Vs", "phone": "9446931125", "email": "jithinvs009@gmail.com", "address": "Eravannur Juma Masjid, Kozhikode, Kerala, India", "country": "India", "state": "Kerala", "city": "Kozhikode", "pin_code": "673585", "total": 354.0, "tax_data": "\"{'CGST': {'9.00': '27.00'}, 'SGST': {'9.00': '27.00'}}\"", "total_tax": 54.0, "status": "New", "is_ordered": true, "created_at": "2022-12-09T00:41:49.022Z", "updated_at": "2022-12-09T00:41:49.024Z"}}, {"model": "orders.order", "pk": 47, "fields": {"user": 2, "vendor": 1, "order_number": "2022120906124047", "first_name": "Jithin", "last_name": "Vs", "phone": "9446931125", "email": "jithinvs009@gmail.com", "address": "Eravannur Juma Masjid, Kozhikode, Kerala, India", "country": "India", "state": "Kerala", "city": "Kozhikode", "pin_code": "673585", "total": 590.0, "tax_data": "\"{'CGST': {'9.00': '45.00'}, 'SGST': {'9.00': '45.00'}}\"", "total_tax": 90.0, "status": "New", "is_ordered": true, "created_at": "2022-12-09T00:42:40.698Z", "updated_at": "2022-12-09T00:42:40.702Z"}}, {"model": "orders.order", "pk": 48, "fields": {"user": 2, "vendor": 2, "order_number": "2022120906124048", "first_name": "Jithin", "last_name": "Vs", "phone": "9446931125", "email": "jithinvs009@gmail.com", "address": "Eravannur Juma Masjid, Kozhikode, Kerala, India", "country": "India", "state": "Kerala", "city": "Kozhikode", "pin_code": "673585", "total": 354.0, "tax_data": "\"{'CGST': {'9.00': '27.00'}, 'SGST': {'9.00': '27.00'}}\"", "total_tax": 54.0, "status": "New", "is_ordered": true, "created_at": "2022-12-09T00:42:40.713Z", "updated_at": "2022-12-09T00:42:40.715Z"}}, {"model": "orders.order", "pk": 49, "fields": {"user": 2, "vendor": 1, "order_number": "2022120906140649", "first_name": "Jithin", "last_name": "Vs", "phone": "9446931125", "email": "jithinvs009@gmail.com", "address": "Eravannur Juma Masjid, Kozhikode, Kerala, India", "country": "India", "state": "Kerala", "city": "Kozhikode", "pin_code": "673585", "total": 590.0, "tax_data": "\"{'CGST': {'9.00': '45.00'}, 'SGST': {'9.00': '45.00'}}\"", "total_tax": 90.0, "status": "New", "is_ordered": true, "created_at": "2022-12-09T00:44:06.348Z", "updated_at": "2022-12-09T00:44:06.354Z"}}, {"model": "orders.order", "pk": 50, "fields": {"user": 2, "vendor": 2, "order_number": "2022120906140650", "first_name": "Jithin", "last_name": "Vs", "phone": "9446931125", "email": "jithinvs009@gmail.com", "address": "Eravannur Juma Masjid, Kozhikode, Kerala, India", "country": "India", "state": "Kerala", "city": "Kozhikode", "pin_code": "673585", "total": 354.0, "tax_data": "\"{'CGST': {'9.00': '27.00'}, 'SGST': {'9.00': '27.00'}}\"", "total_tax": 54.0, "status": "New", "is_ordered": true, "created_at": "2022-12-09T00:44:06.368Z", "updated_at": "2022-12-09T00:44:06.371Z"}}, {"model": "orders.order", "pk": 51, "fields": {"user": 2, "vendor": 1, "order_number": "2022120906142151", "first_name": "Jithin", "last_name": "Vs", "phone": "9446931125", "email": "jithinvs009@gmail.com", "address": "Eravannur Juma Masjid, Kozhikode, Kerala, India", "country": "India", "state": "Kerala", "city": "Kozhikode", "pin_code": "673585", "total": 590.0, "tax_data": "\"{'CGST': {'9.00': '45.00'}, 'SGST': {'9.00': '45.00'}}\"", "total_tax": 90.0, "status": "New", "is_ordered": true, "created_at": "2022-12-09T00:44:21.459Z", "updated_at": "2022-12-09T00:44:21.467Z"}}, {"model": "orders.order", "pk": 52, "fields": {"user": 2, "vendor": 2, "order_number": "2022120906142152", "first_name": "Jithin", "last_name": "Vs", "phone": "9446931125", "email": "jithinvs009@gmail.com", "address": "Eravannur Juma Masjid, Kozhikode, Kerala, India", "country": "India", "state": "Kerala", "city": "Kozhikode", "pin_code": "673585", "total": 354.0, "tax_data": "\"{'CGST': {'9.00': '27.00'}, 'SGST': {'9.00': '27.00'}}\"", "total_tax": 54.0, "status": "New", "is_ordered": true, "created_at": "2022-12-09T00:44:21.477Z", "updated_at": "2022-12-09T00:44:21.481Z"}}, {"model": "orders.order", "pk": 53, "fields": {"user": 2, "vendor": 1, "order_number": "2022120906151553", "first_name": "Jithin", "last_name": "Vs", "phone": "9446931125", "email": "jithinvs009@gmail.com", "address": "Eravannur Juma Masjid, Kozhikode, Kerala, India", "country": "India", "state": "Kerala", "city": "Kozhikode", "pin_code": "673585", "total": 590.0, "tax_data": "\"{'CGST': {'9.00': '45.00'}, 'SGST': {'9.00': '45.00'}}\"", "total_tax": 90.0, "status": "New", "is_ordered": true, "created_at": "2022-12-09T00:45:15.040Z", "updated_at": "2022-12-09T00:45:15.045Z"}}, {"model": "orders.order", "pk": 54, "fields": {"user": 2, "vendor": 2, "order_number": "2022120906151554", "first_name": "Jithin", "last_name": "Vs", "phone": "9446931125", "email": "jithinvs009@gmail.com", "address": "Eravannur Juma Masjid, Kozhikode, Kerala, India", "country": "India", "state": "Kerala", "city": "Kozhikode", "pin_code": "673585", "total": 354.0, "tax_data": "\"{'CGST': {'9.00': '27.00'}, 'SGST': {'9.00': '27.00'}}\"", "total_tax": 54.0, "status": "New", "is_ordered": true, "created_at": "2022-12-09T00:45:15.056Z", "updated_at": "2022-12-09T00:45:15.059Z"}}, {"model": "orders.order", "pk": 55, "fields": {"user": 2, "vendor": 1, "order_number": "2022120906153755", "first_name": "Jithin", "last_name": "Vs", "phone": "9446931125", "email": "jithinvs009@gmail.com", "address": "Eravannur Juma Masjid, Kozhikode, Kerala, India", "country": "India", "state": "Kerala", "city": "Kozhikode", "pin_code": "673585", "total": 590.0, "tax_data": "\"{'CGST': {'9.00': '45.00'}, 'SGST': {'9.00': '45.00'}}\"", "total_tax": 90.0, "status": "Completed", "is_ordered": true, "created_at": "2022-12-09T00:45:37.412Z", "updated_at": "2022-12-09T03:28:55.836Z"}}, {"model": "orders.order", "pk": 56, "fields": {"user": 2, "vendor": 2, "order_number": "2022120906153756", "first_name": "Jithin", "last_name": "Vs", "phone": "9446931125", "email": "jithinvs009@gmail.com", "address": "Eravannur Juma Masjid, Kozhikode, Kerala, India", "country": "India", "state": "Kerala", "city": "Kozhikode", "pin_code": "673585", "total": 354.0, "tax_data": "\"{'CGST': {'9.00': '27.00'}, 'SGST': {'9.00': '27.00'}}\"", "total_tax": 54.0, "status": "New", "is_ordered": true, "created_at": "2022-12-09T00:45:37.430Z", "updated_at": "2022-12-09T00:45:37.434Z"}}, {"model": "orders.order", "pk": 57, "fields": {"user": 2, "vendor": 1, "order_number": "2022120906174457", "first_name": "Jithin", "last_name": "Vs", "phone": "9446931125", "email": "jithinvs009@gmail.com", "address": "Eravannur Juma Masjid, Kozhikode, Kerala, India", "country": "India", "state": "Kerala", "city": "Kozhikode", "pin_code": "673585", "total": 590.0, "tax_data": "\"{'CGST': {'9.00': '45.00'}, 'SGST': {'9.00': '45.00'}}\"", "total_tax": 90.0, "status": "Accepted", "is_ordered": true, "created_at": "2022-12-09T00:47:44.177Z", "updated_at": "2022-12-09T03:21:01.842Z"}}, {"model": "orders.order", "pk": 58, "fields": {"user": 2, "vendor": 2, "order_number": "2022120906174458", "first_name": "Jithin", "last_name": "Vs", "phone": "9446931125", "email": "jithinvs009@gmail.com", "address": "Eravannur Juma Masjid, Kozhikode, Kerala, India", "country": "India", "state": "Kerala", "city": "Kozhikode", "pin_code": "673585", "total": 354.0, "tax_data": "\"{'CGST': {'9.00': '27.00'}, 'SGST': {'9.00': '27.00'}}\"", "total_tax": 54.0, "status": "New", "is_ordered": true, "created_at": "2022-12-09T00:47:44.192Z", "updated_at": "2022-12-09T00:47:44.194Z"}}, {"model": "orders.order", "pk": 59, "fields": {"user": 2, "vendor": 1, "order_number": "2022120906210659", "first_name": "Jithin", "last_name": "Vs", "phone": "9446931125", "email": "jithinvs009@gmail.com", "address": "Eravannur Juma Masjid, Kozhikode, Kerala, India", "country": "India", "state": "Kerala", "city": "Kozhikode", "pin_code": "673585", "total": 590.0, "tax_data": "\"{'CGST': {'9.00': '45.00'}, 'SGST': {'9.00': '45.00'}}\"", "total_tax": 90.0, "status": "Accepted", "is_ordered": true, "created_at": "2022-12-09T00:51:06.891Z", "updated_at": "2022-12-09T03:22:25.931Z"}}, {"model": "orders.order", "pk": 60, "fields": {"user": 2, "vendor": 2, "order_number": "2022120906210660", "first_name": "Jithin", "last_name": "Vs", "phone": "9446931125", "email": "jithinvs009@gmail.com", "address": "Eravannur Juma Masjid, Kozhikode, Kerala, India", "country": "India", "state": "Kerala", "city": "Kozhikode", "pin_code": "673585", "total": 354.0, "tax_data": "\"{'CGST': {'9.00': '27.00'}, 'SGST': {'9.00': '27.00'}}\"", "total_tax": 54.0, "status": "New", "is_ordered": true, "created_at": "2022-12-09T00:51:06.908Z", "updated_at": "2022-12-09T00:51:06.910Z"}}, {"model": "orders.order", "pk": 61, "fields": {"user": 2, "vendor": 1, "order_number": "2022120906213761", "first_name": "Jithin", "last_name": "Vs", "phone": "9446931125", "email": "jithinvs009@gmail.com", "address": "Eravannur Juma Masjid, Kozhikode, Kerala, India", "country": "India", "state": "Kerala", "city": "Kozhikode", "pin_code": "673585", "total": 590.0, "tax_data": "\"{'CGST': {'9.00': '45.00'}, 'SGST': {'9.00': '45.00'}}\"", "total_tax": 90.0, "status": "Rejected", "is_ordered": true, "created_at": "2022-12-09T00:51:37.980Z", "updated_at": "2022-12-09T03:28:30.248Z"}}, {"model": "orders.order", "pk": 62, "fields": {"user": 2, "vendor": 2, "order_number": "2022120906213862", "first_name": "Jithin", "last_name": "Vs", "phone": "9446931125", "email": "jithinvs009@gmail.com", "address": "Eravannur Juma Masjid, Kozhikode, Kerala, India", "country": "India", "state": "Kerala", "city": "Kozhikode", "pin_code": "673585", "total": 354.0, "tax_data": "\"{'CGST': {'9.00': '27.00'}, 'SGST': {'9.00': '27.00'}}\"", "total_tax": 54.0, "status": "New", "is_ordered": true, "created_at": "2022-12-09T00:51:38.006Z", "updated_at": "2022-12-09T00:51:38.009Z"}}, {"model": "orders.order", "pk": 63, "fields": {"user": 2, "vendor": 1, "order_number": "2022120906293063", "first_name": "Jithin", "last_name": "Vs", "phone": "9446931125", "email": "jithinvs009@gmail.com", "address": "Eravannur Juma Masjid, Kozhikode, Kerala, India", "country": "India", "state": "Kerala", "city": "Kozhikode", "pin_code": "673585", "total": 590.0, "tax_data": "\"{\\\"CGST\\\": {\\\"9.00\\\": \\\"45.00\\\"}, \\\"SGST\\\": {\\\"9.00\\\": \\\"45.00\\\"}}\"", "total_tax": 90.0, "status": "Completed", "is_ordered": true, "created_at": "2022-12-09T00:59:30.658Z", "updated_at": "2022-12-09T03:29:08.008Z"}}, {"model": "orders.order", "pk": 64, "fields": {"user": 2, "vendor": 2, "order_number": "2022120906293764", "first_name": "Jithin", "last_name": "Vs", "phone": "9446931125", "email": "jithinvs009@gmail.com", "address": "Eravannur Juma Masjid, Kozhikode, Kerala, India", "country": "India", "state": "Kerala", "city": "Kozhikode", "pin_code": "673585", "total": 354.0, "tax_data": "\"{\\\"CGST\\\": {\\\"9.00\\\": \\\"27.00\\\"}, \\\"SGST\\\": {\\\"9.00\\\": \\\"27.00\\\"}}\"", "total_tax": 54.0, "status": "New", "is_ordered": true, "created_at": "2022-12-09T00:59:37.862Z", "updated_at": "2022-12-09T00:59:37.864Z"}}, {"model": "orders.order", "pk": 65, "fields": {"user": 2, "vendor": 1, "order_number": "2022120906305865", "first_name": "Jithin", "last_name": "Vs", "phone": "9446931125", "email": "jithinvs009@gmail.com", "address": "Eravannur Juma Masjid, Kozhikode, Kerala, India", "country": "India", "state": "Kerala", "city": "Kozhikode", "pin_code": "673585", "total": 590.0, "tax_data": "\"{\\\"CGST\\\": {\\\"9.00\\\": \\\"45.00\\\"}, \\\"SGST\\\": {\\\"9.00\\\": \\\"45.00\\\"}}\"", "total_tax": 90.0, "status": "New", "is_ordered": true, "created_at": "2022-12-09T01:00:58.164Z", "updated_at": "2022-12-09T01:00:58.173Z"}}, {"model": "orders.order", "pk": 66, "fields": {"user": 2, "vendor": 2, "order_number": "2022120906310566", "first_name": "Jithin", "last_name": "Vs", "phone": "9446931125", "email": "jithinvs009@gmail.com", "address": "Eravannur Juma Masjid, Kozhikode, Kerala, India", "country": "India", "state": "Kerala", "city": "Kozhikode", "pin_code": "673585", "total": 354.0, "tax_data": "\"{\\\"CGST\\\": {\\\"9.00\\\": \\\"27.00\\\"}, \\\"SGST\\\": {\\\"9.00\\\": \\\"27.00\\\"}}\"", "total_tax": 54.0, "status": "Accepted", "is_ordered": true, "created_at": "2022-12-09T01:01:05.048Z", "updated_at": "2022-12-09T03:58:42.848Z"}}, {"model": "orders.order", "pk": 67, "fields": {"user": 2, "vendor": 2, "order_number": "2022120906325267", "first_name": "Jithin", "last_name": "Vs", "phone": "9446931125", "email": "jithinvs009@gmail.com", "address": "Eravannur Juma Masjid, Kozhikode, Kerala, India", "country": "India", "state": "Kerala", "city": "Kozhikode", "pin_code": "673585", "total": 354.0, "tax_data": "\"{'CGST': {'9.00': '27.00'}, 'SGST': {'9.00': '27.00'}}\"", "total_tax": 54.0, "status": "Accepted", "is_ordered": true, "created_at": "2022-12-09T01:02:52.210Z", "updated_at": "2022-12-09T03:58:16.175Z"}}, {"model": "orders.order", "pk": 68, "fields": {"user": 2, "vendor": 1, "order_number": "2022120906325868", "first_name": "Jithin", "last_name": "Vs", "phone": "9446931125", "email": "jithinvs009@gmail.com", "address": "Eravannur Juma Masjid, Kozhikode, Kerala, India", "country": "India", "state": "Kerala", "city": "Kozhikode", "pin_code": "673585", "total": 590.0, "tax_data": "\"{'CGST': {'9.00': '45.00'}, 'SGST': {'9.00': '45.00'}}\"", "total_tax": 90.0, "status": "New", "is_ordered": true, "created_at": "2022-12-09T01:02:58.576Z", "updated_at": "2022-12-09T01:02:58.579Z"}}, {"model": "orders.order", "pk": 69, "fields": {"user": 2, "vendor": 2, "order_number": "2022120906372369", "first_name": "Jithin", "last_name": "Vs", "phone": "9446931125", "email": "jithinvs009@gmail.com", "address": "Eravannur Juma Masjid, Kozhikode, Kerala, India", "country": "India", "state": "Kerala", "city": "Kozhikode", "pin_code": "673585", "total": 354.0, "tax_data": "\"{'CGST': {'9.00': '27.00'}, 'SGST': {'9.00': '27.00'}}\"", "total_tax": 54.0, "status": "Completed", "is_ordered": true, "created_at": "2022-12-09T01:07:23.360Z", "updated_at": "2022-12-09T03:57:49.972Z"}}, {"model": "orders.order", "pk": 70, "fields": {"user": 2, "vendor": 1, "order_number": "2022120906372370", "first_name": "Jithin", "last_name": "Vs", "phone": "9446931125", "email": "jithinvs009@gmail.com", "address": "Eravannur Juma Masjid, Kozhikode, Kerala, India", "country": "India", "state": "Kerala", "city": "Kozhikode", "pin_code": "673585", "total": 590.0, "tax_data": "\"{'CGST': {'9.00': '45.00'}, 'SGST': {'9.00': '45.00'}}\"", "total_tax": 90.0, "status": "New", "is_ordered": true, "created_at": "2022-12-09T01:07:23.379Z", "updated_at": "2022-12-09T01:07:23.382Z"}}, {"model": "orders.order", "pk": 71, "fields": {"user": 2, "vendor": 2, "order_number": "2022120907212071", "first_name": "Jithin", "last_name": "Vs", "phone": "9446931125", "email": "jithinvs009@gmail.com", "address": "Eravannur Juma Masjid, Kozhikode, Kerala, India", "country": "India", "state": "Kerala", "city": "Kozhikode", "pin_code": "673585", "total": 354.0, "tax_data": "\"{'CGST': {'9.00': '27.00'}, 'SGST': {'9.00': '27.00'}}\"", "total_tax": 54.0, "status": "Rejected", "is_ordered": true, "created_at": "2022-12-09T01:51:20.841Z", "updated_at": "2022-12-09T03:57:33.176Z"}}, {"model": "orders.order", "pk": 72, "fields": {"user": 2, "vendor": 2, "order_number": "2022120907231572", "first_name": "Jithin", "last_name": "Vs", "phone": "9446931125", "email": "jithinvs009@gmail.com", "address": "Eravannur Juma Masjid, Kozhikode, Kerala, India", "country": "India", "state": "Kerala", "city": "Kozhikode", "pin_code": "673585", "total": 354.0, "tax_data": "\"{'CGST': {'9.00': '27.00'}, 'SGST': {'9.00': '27.00'}}\"", "total_tax": 54.0, "status": "Completed", "is_ordered": true, "created_at": "2022-12-09T01:53:15.696Z", "updated_at": "2022-12-09T03:59:02.919Z"}}, {"model": "orders.order", "pk": 73, "fields": {"user": 2, "vendor": 1, "order_number": "2022120907232373", "first_name": "Jithin", "last_name": "Vs", "phone": "9446931125", "email": "jithinvs009@gmail.com", "address": "Eravannur Juma Masjid, Kozhikode, Kerala, India", "country": "India", "state": "Kerala", "city": "Kozhikode", "pin_code": "673585", "total": 590.0, "tax_data": "\"{'CGST': {'9.00': '45.00'}, 'SGST': {'9.00': '45.00'}}\"", "total_tax": 90.0, "status": "Cancelled", "is_ordered": true, "created_at": "2022-12-09T01:53:23.275Z", "updated_at": "2022-12-09T03:35:48.968Z"}}, {"model": "orders.order", "pk": 74, "fields": {"user": 2, "vendor": 1, "order_number": "2022120907363074", "first_name": "Jithin", "last_name": "Vs", "phone": "9446931125", "email": "jithinvs009@gmail.com", "address": "Eravannur Juma Masjid, Kozhikode, Kerala, India", "country": "India", "state": "Kerala", "city": "Kozhikode", "pin_code": "673585", "total": 1062.0, "tax_data": "\"{'CGST': {'9.00': '81.00'}, 'SGST': {'9.00': '81.00'}}\"", "total_tax": 162.0, "status": "Cancelled", "is_ordered": true, "created_at": "2022-12-09T02:06:30.183Z", "updated_at": "2022-12-09T03:35:37.480Z"}}, {"model": "orders.order", "pk": 75, "fields": {"user": 2, "vendor": 2, "order_number": "2022120909454275", "first_name": "Jithin", "last_name": "Vs", "phone": "9446931125", "email": "jithinvs009@gmail.com", "address": "Eravannur Juma Masjid, Kozhikode, Kerala, India", "country": "India", "state": "Kerala", "city": "Kozhikode", "pin_code": "673585", "total": 531.0, "tax_data": "\"{'CGST': {'9.00': '40.50'}, 'SGST': {'9.00': '40.50'}}\"", "total_tax": 81.0, "status": "New", "is_ordered": true, "created_at": "2022-12-09T04:15:42.109Z", "updated_at": "2022-12-09T04:15:42.115Z"}}, {"model": "orders.order", "pk": 76, "fields": {"user": 2, "vendor": 1, "order_number": "2022120909454676", "first_name": "Jithin", "last_name": "Vs", "phone": "9446931125", "email": "jithinvs009@gmail.com", "address": "Eravannur Juma Masjid, Kozhikode, Kerala, India", "country": "India", "state": "Kerala", "city": "Kozhikode", "pin_code": "673585", "total": 1357.0, "tax_data": "\"{'CGST': {'9.00': '103.50'}, 'SGST': {'9.00': '103.50'}}\"", "total_tax": 207.0, "status": "New", "is_ordered": true, "created_at": "2022-12-09T04:15:46.286Z", "updated_at": "2022-12-09T04:15:46.289Z"}}, {"model": "orders.order", "pk": 77, "fields": {"user": 2, "vendor": 2, "order_number": "2022120909543677", "first_name": "Jithin", "last_name": "Vs", "phone": "9446931125", "email": "jithinvs009@gmail.com", "address": "Eravannur Juma Masjid, Kozhikode, Kerala, India", "country": "India", "state": "Kerala", "city": "Kozhikode", "pin_code": "673585", "total": 354.0, "tax_data": "\"{'CGST': {'9.00': '27.00'}, 'SGST': {'9.00': '27.00'}}\"", "total_tax": 54.0, "status": "Cancelled", "is_ordered": true, "created_at": "2022-12-09T04:24:36.095Z", "updated_at": "2022-12-09T09:11:38.438Z"}}, {"model": "orders.order", "pk": 78, "fields": {"user": 2, "vendor": 1, "order_number": "2022120909543978", "first_name": "Jithin", "last_name": "Vs", "phone": "9446931125", "email": "jithinvs009@gmail.com", "address": "Eravannur Juma Masjid, Kozhikode, Kerala, India", "country": "India", "state": "Kerala", "city": "Kozhikode", "pin_code": "673585", "total": 1180.0, "tax_data": "\"{'CGST': {'9.00': '90.00'}, 'SGST': {'9.00': '90.00'}}\"", "total_tax": 180.0, "status": "New", "is_ordered": true, "created_at": "2022-12-09T04:24:39.564Z", "updated_at": "2022-12-09T04:24:39.566Z"}}, {"model": "orders.order", "pk": 79, "fields": {"user": 2, "vendor": 2, "order_number": "2022120912430979", "first_name": "Jithin", "last_name": "Vs", "phone": "9446931125", "email": "jithinvs009@gmail.com", "address": "Eravannur Juma Masjid, Kozhikode, Kerala, India", "country": "India", "state": "Kerala", "city": "Kozhikode", "pin_code": "673585", "total": 354.0, "tax_data": "\"{'CGST': {'9.00': '27.00'}, 'SGST': {'9.00': '27.00'}}\"", "total_tax": 54.0, "status": "New", "is_ordered": true, "created_at": "2022-12-09T07:13:09.737Z", "updated_at": "2022-12-09T07:13:09.746Z"}}, {"model": "orders.order", "pk": 80, "fields": {"user": 2, "vendor": 1, "order_number": "2022120912430980", "first_name": "Jithin", "last_name": "Vs", "phone": "9446931125", "email": "jithinvs009@gmail.com", "address": "Eravannur Juma Masjid, Kozhikode, Kerala, India", "country": "India", "state": "Kerala", "city": "Kozhikode", "pin_code": "673585", "total": 826.0, "tax_data": "\"{'CGST': {'9.00': '63.00'}, 'SGST': {'9.00': '63.00'}}\"", "total_tax": 126.0, "status": "Cancelled", "is_ordered": true, "created_at": "2022-12-09T07:13:09.780Z", "updated_at": "2022-12-09T07:13:58.287Z"}}, {"model": "orders.order", "pk": 81, "fields": {"user": 2, "vendor": 1, "order_number": "2022120912454581", "first_name": "Jithin", "last_name": "Vs", "phone": "9446931125", "email": "jithinvs009@gmail.com", "address": "Eravannur Juma Masjid, Kozhikode, Kerala, India", "country": "India", "state": "Kerala", "city": "Kozhikode", "pin_code": "673585", "total": 177.0, "tax_data": "\"{'CGST': {'9.00': '13.50'}, 'SGST': {'9.00': '13.50'}}\"", "total_tax": 27.0, "status": "New", "is_ordered": true, "created_at": "2022-12-09T07:15:45.481Z", "updated_at": "2022-12-09T07:15:45.486Z"}}, {"model": "orders.orderedfood", "pk": 1, "fields": {"order": 1, "user": 2, "fooditem": 1, "quantity": 1, "price": 150.0, "amount": 150.0, "created_at": "2022-12-08T22:44:12.631Z", "updated_at": "2022-12-08T22:44:12.631Z"}}, {"model": "orders.orderedfood", "pk": 2, "fields": {"order": 1, "user": 2, "fooditem": 2, "quantity": 1, "price": 200.0, "amount": 200.0, "created_at": "2022-12-08T22:44:12.636Z", "updated_at": "2022-12-08T22:44:12.636Z"}}, {"model": "orders.orderedfood", "pk": 3, "fields": {"order": 1, "user": 2, "fooditem": 3, "quantity": 1, "price": 150.0, "amount": 150.0, "created_at": "2022-12-08T22:44:12.638Z", "updated_at": "2022-12-08T22:44:12.638Z"}}, {"model": "orders.orderedfood", "pk": 4, "fields": {"order": 2, "user": 2, "fooditem": 2, "quantity": 3, "price": 200.0, "amount": 600.0, "created_at": "2022-12-08T22:57:22.317Z", "updated_at": "2022-12-08T22:57:22.317Z"}}, {"model": "orders.orderedfood", "pk": 5, "fields": {"order": 2, "user": 2, "fooditem": 1, "quantity": 1, "price": 150.0, "amount": 150.0, "created_at": "2022-12-08T22:57:22.320Z", "updated_at": "2022-12-08T22:57:22.320Z"}}, {"model": "orders.orderedfood", "pk": 6, "fields": {"order": 3, "user": 2, "fooditem": 1, "quantity": 1, "price": 150.0, "amount": 150.0, "created_at": "2022-12-08T23:00:00.811Z", "updated_at": "2022-12-08T23:00:00.811Z"}}, {"model": "orders.orderedfood", "pk": 7, "fields": {"order": 3, "user": 2, "fooditem": 2, "quantity": 2, "price": 200.0, "amount": 400.0, "created_at": "2022-12-08T23:00:00.814Z", "updated_at": "2022-12-08T23:00:00.814Z"}}, {"model": "orders.orderedfood", "pk": 8, "fields": {"order": 4, "user": 2, "fooditem": 1, "quantity": 3, "price": 150.0, "amount": 450.0, "created_at": "2022-12-08T23:01:34.817Z", "updated_at": "2022-12-08T23:01:34.817Z"}}, {"model": "orders.orderedfood", "pk": 9, "fields": {"order": 5, "user": 2, "fooditem": 1, "quantity": 3, "price": 150.0, "amount": 450.0, "created_at": "2022-12-08T23:04:24.957Z", "updated_at": "2022-12-08T23:04:24.957Z"}}, {"model": "orders.orderedfood", "pk": 10, "fields": {"order": 6, "user": 2, "fooditem": 1, "quantity": 3, "price": 150.0, "amount": 450.0, "created_at": "2022-12-08T23:12:29.255Z", "updated_at": "2022-12-08T23:12:29.255Z"}}, {"model": "orders.orderedfood", "pk": 11, "fields": {"order": 7, "user": 2, "fooditem": 1, "quantity": 3, "price": 150.0, "amount": 450.0, "created_at": "2022-12-08T23:14:47.522Z", "updated_at": "2022-12-08T23:14:47.522Z"}}, {"model": "orders.orderedfood", "pk": 12, "fields": {"order": 8, "user": 2, "fooditem": 1, "quantity": 3, "price": 150.0, "amount": 450.0, "created_at": "2022-12-08T23:15:23.606Z", "updated_at": "2022-12-08T23:15:23.606Z"}}, {"model": "orders.orderedfood", "pk": 13, "fields": {"order": 9, "user": 2, "fooditem": 1, "quantity": 3, "price": 150.0, "amount": 450.0, "created_at": "2022-12-08T23:30:32.079Z", "updated_at": "2022-12-08T23:30:32.079Z"}}, {"model": "orders.orderedfood", "pk": 14, "fields": {"order": 10, "user": 2, "fooditem": 1, "quantity": 3, "price": 150.0, "amount": 450.0, "created_at": "2022-12-08T23:31:54.836Z", "updated_at": "2022-12-08T23:31:54.836Z"}}, {"model": "orders.orderedfood", "pk": 15, "fields": {"order": 11, "user": 2, "fooditem": 1, "quantity": 3, "price": 150.0, "amount": 450.0, "created_at": "2022-12-08T23:38:38.003Z", "updated_at": "2022-12-08T23:38:38.003Z"}}, {"model": "orders.orderedfood", "pk": 16, "fields": {"order": 12, "user": 2, "fooditem": 1, "quantity": 2, "price": 150.0, "amount": 300.0, "created_at": "2022-12-08T23:39:37.443Z", "updated_at": "2022-12-08T23:39:37.443Z"}}, {"model": "orders.orderedfood", "pk": 17, "fields": {"order": 12, "user": 2, "fooditem": 2, "quantity": 1, "price": 200.0, "amount": 200.0, "created_at": "2022-12-08T23:39:37.446Z", "updated_at": "2022-12-08T23:39:37.446Z"}}, {"model": "orders.orderedfood", "pk": 18, "fields": {"order": 12, "user": 2, "fooditem": 3, "quantity": 3, "price": 150.0, "amount": 450.0, "created_at": "2022-12-08T23:39:37.448Z", "updated_at": "2022-12-08T23:39:37.448Z"}}, {"model": "orders.orderedfood", "pk": 19, "fields": {"order": 13, "user": 2, "fooditem": 1, "quantity": 2, "price": 150.0, "amount": 300.0, "created_at": "2022-12-08T23:40:46.856Z", "updated_at": "2022-12-08T23:40:46.856Z"}}, {"model": "orders.orderedfood", "pk": 20, "fields": {"order": 13, "user": 2, "fooditem": 2, "quantity": 1, "price": 200.0, "amount": 200.0, "created_at": "2022-12-08T23:40:46.858Z", "updated_at": "2022-12-08T23:40:46.858Z"}}, {"model": "orders.orderedfood", "pk": 21, "fields": {"order": 14, "user": 2, "fooditem": 1, "quantity": 2, "price": 150.0, "amount": 300.0, "created_at": "2022-12-08T23:45:55.350Z", "updated_at": "2022-12-08T23:45:55.350Z"}}, {"model": "orders.orderedfood", "pk": 22, "fields": {"order": 14, "user": 2, "fooditem": 2, "quantity": 1, "price": 200.0, "amount": 200.0, "created_at": "2022-12-08T23:45:55.352Z", "updated_at": "2022-12-08T23:45:55.352Z"}}, {"model": "orders.orderedfood", "pk": 23, "fields": {"order": 15, "user": 2, "fooditem": 1, "quantity": 2, "price": 150.0, "amount": 300.0, "created_at": "2022-12-08T23:49:11.294Z", "updated_at": "2022-12-08T23:49:11.294Z"}}, {"model": "orders.orderedfood", "pk": 24, "fields": {"order": 15, "user": 2, "fooditem": 2, "quantity": 1, "price": 200.0, "amount": 200.0, "created_at": "2022-12-08T23:49:11.301Z", "updated_at": "2022-12-08T23:49:11.301Z"}}, {"model": "orders.orderedfood", "pk": 25, "fields": {"order": 16, "user": 2, "fooditem": 1, "quantity": 2, "price": 150.0, "amount": 300.0, "created_at": "2022-12-08T23:49:26.284Z", "updated_at": "2022-12-08T23:49:26.284Z"}}, {"model": "orders.orderedfood", "pk": 26, "fields": {"order": 16, "user": 2, "fooditem": 2, "quantity": 1, "price": 200.0, "amount": 200.0, "created_at": "2022-12-08T23:49:26.293Z", "updated_at": "2022-12-08T23:49:26.293Z"}}, {"model": "orders.orderedfood", "pk": 27, "fields": {"order": 17, "user": 2, "fooditem": 1, "quantity": 2, "price": 150.0, "amount": 300.0, "created_at": "2022-12-08T23:56:12.953Z", "updated_at": "2022-12-08T23:56:12.953Z"}}, {"model": "orders.orderedfood", "pk": 28, "fields": {"order": 17, "user": 2, "fooditem": 2, "quantity": 1, "price": 200.0, "amount": 200.0, "created_at": "2022-12-08T23:56:12.958Z", "updated_at": "2022-12-08T23:56:12.958Z"}}, {"model": "orders.orderedfood", "pk": 29, "fields": {"order": 18, "user": 2, "fooditem": 1, "quantity": 2, "price": 150.0, "amount": 300.0, "created_at": "2022-12-09T00:01:46.637Z", "updated_at": "2022-12-09T00:01:46.637Z"}}, {"model": "orders.orderedfood", "pk": 30, "fields": {"order": 18, "user": 2, "fooditem": 2, "quantity": 1, "price": 200.0, "amount": 200.0, "created_at": "2022-12-09T00:01:46.640Z", "updated_at": "2022-12-09T00:01:46.640Z"}}, {"model": "orders.orderedfood", "pk": 31, "fields": {"order": 19, "user": 2, "fooditem": 1, "quantity": 2, "price": 150.0, "amount": 300.0, "created_at": "2022-12-09T00:06:52.747Z", "updated_at": "2022-12-09T00:06:52.747Z"}}, {"model": "orders.orderedfood", "pk": 32, "fields": {"order": 19, "user": 2, "fooditem": 2, "quantity": 1, "price": 200.0, "amount": 200.0, "created_at": "2022-12-09T00:06:52.752Z", "updated_at": "2022-12-09T00:06:52.752Z"}}, {"model": "orders.orderedfood", "pk": 33, "fields": {"order": 20, "user": 2, "fooditem": 1, "quantity": 2, "price": 150.0, "amount": 300.0, "created_at": "2022-12-09T00:09:51.755Z", "updated_at": "2022-12-09T00:09:51.755Z"}}, {"model": "orders.orderedfood", "pk": 34, "fields": {"order": 20, "user": 2, "fooditem": 2, "quantity": 1, "price": 200.0, "amount": 200.0, "created_at": "2022-12-09T00:09:51.758Z", "updated_at": "2022-12-09T00:09:51.758Z"}}, {"model": "orders.orderedfood", "pk": 35, "fields": {"order": 21, "user": 2, "fooditem": 1, "quantity": 2, "price": 150.0, "amount": 300.0, "created_at": "2022-12-09T00:23:52.105Z", "updated_at": "2022-12-09T00:23:52.105Z"}}, {"model": "orders.orderedfood", "pk": 36, "fields": {"order": 21, "user": 2, "fooditem": 2, "quantity": 1, "price": 200.0, "amount": 200.0, "created_at": "2022-12-09T00:23:52.109Z", "updated_at": "2022-12-09T00:23:52.109Z"}}, {"model": "orders.orderedfood", "pk": 37, "fields": {"order": 22, "user": 2, "fooditem": 10, "quantity": 2, "price": 150.0, "amount": 300.0, "created_at": "2022-12-09T00:23:52.115Z", "updated_at": "2022-12-09T00:23:52.115Z"}}, {"model": "orders.orderedfood", "pk": 38, "fields": {"order": 23, "user": 2, "fooditem": 1, "quantity": 2, "price": 150.0, "amount": 300.0, "created_at": "2022-12-09T00:24:44.928Z", "updated_at": "2022-12-09T00:24:44.928Z"}}, {"model": "orders.orderedfood", "pk": 39, "fields": {"order": 23, "user": 2, "fooditem": 2, "quantity": 1, "price": 200.0, "amount": 200.0, "created_at": "2022-12-09T00:24:44.934Z", "updated_at": "2022-12-09T00:24:44.934Z"}}, {"model": "orders.orderedfood", "pk": 40, "fields": {"order": 24, "user": 2, "fooditem": 10, "quantity": 2, "price": 150.0, "amount": 300.0, "created_at": "2022-12-09T00:24:44.941Z", "updated_at": "2022-12-09T00:24:44.941Z"}}, {"model": "orders.orderedfood", "pk": 41, "fields": {"order": 25, "user": 2, "fooditem": 1, "quantity": 2, "price": 150.0, "amount": 300.0, "created_at": "2022-12-09T00:26:20.712Z", "updated_at": "2022-12-09T00:26:20.712Z"}}, {"model": "orders.orderedfood", "pk": 42, "fields": {"order": 25, "user": 2, "fooditem": 2, "quantity": 1, "price": 200.0, "amount": 200.0, "created_at": "2022-12-09T00:26:20.714Z", "updated_at": "2022-12-09T00:26:20.714Z"}}, {"model": "orders.orderedfood", "pk": 43, "fields": {"order": 26, "user": 2, "fooditem": 10, "quantity": 2, "price": 150.0, "amount": 300.0, "created_at": "2022-12-09T00:26:20.727Z", "updated_at": "2022-12-09T00:26:20.727Z"}}, {"model": "orders.orderedfood", "pk": 44, "fields": {"order": 27, "user": 2, "fooditem": 1, "quantity": 2, "price": 150.0, "amount": 300.0, "created_at": "2022-12-09T00:27:08.269Z", "updated_at": "2022-12-09T00:27:08.269Z"}}, {"model": "orders.orderedfood", "pk": 45, "fields": {"order": 27, "user": 2, "fooditem": 2, "quantity": 1, "price": 200.0, "amount": 200.0, "created_at": "2022-12-09T00:27:08.275Z", "updated_at": "2022-12-09T00:27:08.275Z"}}, {"model": "orders.orderedfood", "pk": 46, "fields": {"order": 28, "user": 2, "fooditem": 10, "quantity": 2, "price": 150.0, "amount": 300.0, "created_at": "2022-12-09T00:27:08.281Z", "updated_at": "2022-12-09T00:27:08.281Z"}}, {"model": "orders.orderedfood", "pk": 47, "fields": {"order": 29, "user": 2, "fooditem": 1, "quantity": 2, "price": 150.0, "amount": 300.0, "created_at": "2022-12-09T00:28:32.874Z", "updated_at": "2022-12-09T00:28:32.874Z"}}, {"model": "orders.orderedfood", "pk": 48, "fields": {"order": 29, "user": 2, "fooditem": 2, "quantity": 1, "price": 200.0, "amount": 200.0, "created_at": "2022-12-09T00:28:32.876Z", "updated_at": "2022-12-09T00:28:32.876Z"}}, {"model": "orders.orderedfood", "pk": 49, "fields": {"order": 30, "user": 2, "fooditem": 10, "quantity": 2, "price": 150.0, "amount": 300.0, "created_at": "2022-12-09T00:28:32.883Z", "updated_at": "2022-12-09T00:28:32.883Z"}}, {"model": "orders.orderedfood", "pk": 50, "fields": {"order": 31, "user": 2, "fooditem": 1, "quantity": 2, "price": 150.0, "amount": 300.0, "created_at": "2022-12-09T00:28:57.890Z", "updated_at": "2022-12-09T00:28:57.890Z"}}, {"model": "orders.orderedfood", "pk": 51, "fields": {"order": 31, "user": 2, "fooditem": 2, "quantity": 1, "price": 200.0, "amount": 200.0, "created_at": "2022-12-09T00:28:57.893Z", "updated_at": "2022-12-09T00:28:57.893Z"}}, {"model": "orders.orderedfood", "pk": 52, "fields": {"order": 32, "user": 2, "fooditem": 10, "quantity": 2, "price": 150.0, "amount": 300.0, "created_at": "2022-12-09T00:28:57.900Z", "updated_at": "2022-12-09T00:28:57.900Z"}}, {"model": "orders.orderedfood", "pk": 53, "fields": {"order": 33, "user": 2, "fooditem": 1, "quantity": 2, "price": 150.0, "amount": 300.0, "created_at": "2022-12-09T00:30:13.738Z", "updated_at": "2022-12-09T00:30:13.738Z"}}, {"model": "orders.orderedfood", "pk": 54, "fields": {"order": 33, "user": 2, "fooditem": 2, "quantity": 1, "price": 200.0, "amount": 200.0, "created_at": "2022-12-09T00:30:13.741Z", "updated_at": "2022-12-09T00:30:13.741Z"}}, {"model": "orders.orderedfood", "pk": 55, "fields": {"order": 34, "user": 2, "fooditem": 10, "quantity": 2, "price": 150.0, "amount": 300.0, "created_at": "2022-12-09T00:30:13.749Z", "updated_at": "2022-12-09T00:30:13.749Z"}}, {"model": "orders.orderedfood", "pk": 56, "fields": {"order": 35, "user": 2, "fooditem": 1, "quantity": 2, "price": 150.0, "amount": 300.0, "created_at": "2022-12-09T00:33:07.537Z", "updated_at": "2022-12-09T00:33:07.537Z"}}, {"model": "orders.orderedfood", "pk": 57, "fields": {"order": 35, "user": 2, "fooditem": 2, "quantity": 1, "price": 200.0, "amount": 200.0, "created_at": "2022-12-09T00:33:07.540Z", "updated_at": "2022-12-09T00:33:07.540Z"}}, {"model": "orders.orderedfood", "pk": 58, "fields": {"order": 36, "user": 2, "fooditem": 10, "quantity": 2, "price": 150.0, "amount": 300.0, "created_at": "2022-12-09T00:33:07.549Z", "updated_at": "2022-12-09T00:33:07.549Z"}}, {"model": "orders.orderedfood", "pk": 59, "fields": {"order": 37, "user": 2, "fooditem": 1, "quantity": 2, "price": 150.0, "amount": 300.0, "created_at": "2022-12-09T00:33:15.053Z", "updated_at": "2022-12-09T00:33:15.053Z"}}, {"model": "orders.orderedfood", "pk": 60, "fields": {"order": 37, "user": 2, "fooditem": 2, "quantity": 1, "price": 200.0, "amount": 200.0, "created_at": "2022-12-09T00:33:15.059Z", "updated_at": "2022-12-09T00:33:15.059Z"}}, {"model": "orders.orderedfood", "pk": 61, "fields": {"order": 38, "user": 2, "fooditem": 10, "quantity": 2, "price": 150.0, "amount": 300.0, "created_at": "2022-12-09T00:33:15.066Z", "updated_at": "2022-12-09T00:33:15.066Z"}}, {"model": "orders.orderedfood", "pk": 62, "fields": {"order": 39, "user": 2, "fooditem": 1, "quantity": 2, "price": 150.0, "amount": 300.0, "created_at": "2022-12-09T00:35:09.109Z", "updated_at": "2022-12-09T00:35:09.109Z"}}, {"model": "orders.orderedfood", "pk": 63, "fields": {"order": 39, "user": 2, "fooditem": 2, "quantity": 1, "price": 200.0, "amount": 200.0, "created_at": "2022-12-09T00:35:09.112Z", "updated_at": "2022-12-09T00:35:09.112Z"}}, {"model": "orders.orderedfood", "pk": 64, "fields": {"order": 40, "user": 2, "fooditem": 10, "quantity": 2, "price": 150.0, "amount": 300.0, "created_at": "2022-12-09T00:35:09.121Z", "updated_at": "2022-12-09T00:35:09.121Z"}}, {"model": "orders.orderedfood", "pk": 65, "fields": {"order": 41, "user": 2, "fooditem": 1, "quantity": 2, "price": 150.0, "amount": 300.0, "created_at": "2022-12-09T00:38:19.851Z", "updated_at": "2022-12-09T00:38:19.851Z"}}, {"model": "orders.orderedfood", "pk": 66, "fields": {"order": 41, "user": 2, "fooditem": 2, "quantity": 1, "price": 200.0, "amount": 200.0, "created_at": "2022-12-09T00:38:19.854Z", "updated_at": "2022-12-09T00:38:19.854Z"}}, {"model": "orders.orderedfood", "pk": 67, "fields": {"order": 42, "user": 2, "fooditem": 10, "quantity": 2, "price": 150.0, "amount": 300.0, "created_at": "2022-12-09T00:38:19.862Z", "updated_at": "2022-12-09T00:38:19.862Z"}}, {"model": "orders.orderedfood", "pk": 68, "fields": {"order": 43, "user": 2, "fooditem": 1, "quantity": 2, "price": 150.0, "amount": 300.0, "created_at": "2022-12-09T00:41:24.651Z", "updated_at": "2022-12-09T00:41:24.651Z"}}, {"model": "orders.orderedfood", "pk": 69, "fields": {"order": 43, "user": 2, "fooditem": 2, "quantity": 1, "price": 200.0, "amount": 200.0, "created_at": "2022-12-09T00:41:24.654Z", "updated_at": "2022-12-09T00:41:24.654Z"}}, {"model": "orders.orderedfood", "pk": 70, "fields": {"order": 44, "user": 2, "fooditem": 10, "quantity": 2, "price": 150.0, "amount": 300.0, "created_at": "2022-12-09T00:41:24.661Z", "updated_at": "2022-12-09T00:41:24.661Z"}}, {"model": "orders.orderedfood", "pk": 71, "fields": {"order": 45, "user": 2, "fooditem": 1, "quantity": 2, "price": 150.0, "amount": 300.0, "created_at": "2022-12-09T00:41:49.017Z", "updated_at": "2022-12-09T00:41:49.017Z"}}, {"model": "orders.orderedfood", "pk": 72, "fields": {"order": 45, "user": 2, "fooditem": 2, "quantity": 1, "price": 200.0, "amount": 200.0, "created_at": "2022-12-09T00:41:49.019Z", "updated_at": "2022-12-09T00:41:49.019Z"}}, {"model": "orders.orderedfood", "pk": 73, "fields": {"order": 46, "user": 2, "fooditem": 10, "quantity": 2, "price": 150.0, "amount": 300.0, "created_at": "2022-12-09T00:41:49.025Z", "updated_at": "2022-12-09T00:41:49.025Z"}}, {"model": "orders.orderedfood", "pk": 74, "fields": {"order": 47, "user": 2, "fooditem": 1, "quantity": 2, "price": 150.0, "amount": 300.0, "created_at": "2022-12-09T00:42:40.707Z", "updated_at": "2022-12-09T00:42:40.707Z"}}, {"model": "orders.orderedfood", "pk": 75, "fields": {"order": 47, "user": 2, "fooditem": 2, "quantity": 1, "price": 200.0, "amount": 200.0, "created_at": "2022-12-09T00:42:40.711Z", "updated_at": "2022-12-09T00:42:40.711Z"}}, {"model": "orders.orderedfood", "pk": 76, "fields": {"order": 48, "user": 2, "fooditem": 10, "quantity": 2, "price": 150.0, "amount": 300.0, "created_at": "2022-12-09T00:42:40.717Z", "updated_at": "2022-12-09T00:42:40.717Z"}}, {"model": "orders.orderedfood", "pk": 77, "fields": {"order": 49, "user": 2, "fooditem": 1, "quantity": 2, "price": 150.0, "amount": 300.0, "created_at": "2022-12-09T00:44:06.361Z", "updated_at": "2022-12-09T00:44:06.361Z"}}, {"model": "orders.orderedfood", "pk": 78, "fields": {"order": 49, "user": 2, "fooditem": 2, "quantity": 1, "price": 200.0, "amount": 200.0, "created_at": "2022-12-09T00:44:06.365Z", "updated_at": "2022-12-09T00:44:06.365Z"}}, {"model": "orders.orderedfood", "pk": 79, "fields": {"order": 50, "user": 2, "fooditem": 10, "quantity": 2, "price": 150.0, "amount": 300.0, "created_at": "2022-12-09T00:44:06.375Z", "updated_at": "2022-12-09T00:44:06.375Z"}}, {"model": "orders.orderedfood", "pk": 80, "fields": {"order": 51, "user": 2, "fooditem": 1, "quantity": 2, "price": 150.0, "amount": 300.0, "created_at": "2022-12-09T00:44:21.471Z", "updated_at": "2022-12-09T00:44:21.471Z"}}, {"model": "orders.orderedfood", "pk": 81, "fields": {"order": 51, "user": 2, "fooditem": 2, "quantity": 1, "price": 200.0, "amount": 200.0, "created_at": "2022-12-09T00:44:21.474Z", "updated_at": "2022-12-09T00:44:21.474Z"}}, {"model": "orders.orderedfood", "pk": 82, "fields": {"order": 52, "user": 2, "fooditem": 10, "quantity": 2, "price": 150.0, "amount": 300.0, "created_at": "2022-12-09T00:44:21.484Z", "updated_at": "2022-12-09T00:44:21.484Z"}}, {"model": "orders.orderedfood", "pk": 83, "fields": {"order": 53, "user": 2, "fooditem": 1, "quantity": 2, "price": 150.0, "amount": 300.0, "created_at": "2022-12-09T00:45:15.049Z", "updated_at": "2022-12-09T00:45:15.049Z"}}, {"model": "orders.orderedfood", "pk": 84, "fields": {"order": 53, "user": 2, "fooditem": 2, "quantity": 1, "price": 200.0, "amount": 200.0, "created_at": "2022-12-09T00:45:15.052Z", "updated_at": "2022-12-09T00:45:15.052Z"}}, {"model": "orders.orderedfood", "pk": 85, "fields": {"order": 54, "user": 2, "fooditem": 10, "quantity": 2, "price": 150.0, "amount": 300.0, "created_at": "2022-12-09T00:45:15.060Z", "updated_at": "2022-12-09T00:45:15.060Z"}}, {"model": "orders.orderedfood", "pk": 86, "fields": {"order": 55, "user": 2, "fooditem": 1, "quantity": 2, "price": 150.0, "amount": 300.0, "created_at": "2022-12-09T00:45:37.423Z", "updated_at": "2022-12-09T00:45:37.423Z"}}, {"model": "orders.orderedfood", "pk": 87, "fields": {"order": 55, "user": 2, "fooditem": 2, "quantity": 1, "price": 200.0, "amount": 200.0, "created_at": "2022-12-09T00:45:37.428Z", "updated_at": "2022-12-09T00:45:37.428Z"}}, {"model": "orders.orderedfood", "pk": 88, "fields": {"order": 56, "user": 2, "fooditem": 10, "quantity": 2, "price": 150.0, "amount": 300.0, "created_at": "2022-12-09T00:45:37.436Z", "updated_at": "2022-12-09T00:45:37.436Z"}}, {"model": "orders.orderedfood", "pk": 89, "fields": {"order": 57, "user": 2, "fooditem": 1, "quantity": 2, "price": 150.0, "amount": 300.0, "created_at": "2022-12-09T00:47:44.185Z", "updated_at": "2022-12-09T00:47:44.185Z"}}, {"model": "orders.orderedfood", "pk": 90, "fields": {"order": 57, "user": 2, "fooditem": 2, "quantity": 1, "price": 200.0, "amount": 200.0, "created_at": "2022-12-09T00:47:44.188Z", "updated_at": "2022-12-09T00:47:44.188Z"}}, {"model": "orders.orderedfood", "pk": 91, "fields": {"order": 58, "user": 2, "fooditem": 10, "quantity": 2, "price": 150.0, "amount": 300.0, "created_at": "2022-12-09T00:47:44.196Z", "updated_at": "2022-12-09T00:47:44.196Z"}}, {"model": "orders.orderedfood", "pk": 92, "fields": {"order": 59, "user": 2, "fooditem": 1, "quantity": 2, "price": 150.0, "amount": 300.0, "created_at": "2022-12-09T00:51:06.901Z", "updated_at": "2022-12-09T00:51:06.901Z"}}, {"model": "orders.orderedfood", "pk": 93, "fields": {"order": 59, "user": 2, "fooditem": 2, "quantity": 1, "price": 200.0, "amount": 200.0, "created_at": "2022-12-09T00:51:06.906Z", "updated_at": "2022-12-09T00:51:06.906Z"}}, {"model": "orders.orderedfood", "pk": 94, "fields": {"order": 60, "user": 2, "fooditem": 10, "quantity": 2, "price": 150.0, "amount": 300.0, "created_at": "2022-12-09T00:51:06.912Z", "updated_at": "2022-12-09T00:51:06.912Z"}}, {"model": "orders.orderedfood", "pk": 95, "fields": {"order": 61, "user": 2, "fooditem": 1, "quantity": 2, "price": 150.0, "amount": 300.0, "created_at": "2022-12-09T00:51:37.995Z", "updated_at": "2022-12-09T00:51:37.995Z"}}, {"model": "orders.orderedfood", "pk": 96, "fields": {"order": 61, "user": 2, "fooditem": 2, "quantity": 1, "price": 200.0, "amount": 200.0, "created_at": "2022-12-09T00:51:38.001Z", "updated_at": "2022-12-09T00:51:38.001Z"}}, {"model": "orders.orderedfood", "pk": 97, "fields": {"order": 62, "user": 2, "fooditem": 10, "quantity": 2, "price": 150.0, "amount": 300.0, "created_at": "2022-12-09T00:51:38.010Z", "updated_at": "2022-12-09T00:51:38.010Z"}}, {"model": "orders.orderedfood", "pk": 98, "fields": {"order": 63, "user": 2, "fooditem": 1, "quantity": 2, "price": 150.0, "amount": 300.0, "created_at": "2022-12-09T00:59:30.672Z", "updated_at": "2022-12-09T00:59:30.672Z"}}, {"model": "orders.orderedfood", "pk": 99, "fields": {"order": 63, "user": 2, "fooditem": 2, "quantity": 1, "price": 200.0, "amount": 200.0, "created_at": "2022-12-09T00:59:30.675Z", "updated_at": "2022-12-09T00:59:30.675Z"}}, {"model": "orders.orderedfood", "pk": 100, "fields": {"order": 65, "user": 2, "fooditem": 1, "quantity": 2, "price": 150.0, "amount": 300.0, "created_at": "2022-12-09T01:00:58.177Z", "updated_at": "2022-12-09T01:00:58.177Z"}}, {"model": "orders.orderedfood", "pk": 101, "fields": {"order": 65, "user": 2, "fooditem": 2, "quantity": 1, "price": 200.0, "amount": 200.0, "created_at": "2022-12-09T01:00:58.180Z", "updated_at": "2022-12-09T01:00:58.180Z"}}, {"model": "orders.orderedfood", "pk": 102, "fields": {"order": 67, "user": 2, "fooditem": 10, "quantity": 2, "price": 150.0, "amount": 300.0, "created_at": "2022-12-09T01:02:52.222Z", "updated_at": "2022-12-09T01:02:52.222Z"}}, {"model": "orders.orderedfood", "pk": 103, "fields": {"order": 69, "user": 2, "fooditem": 10, "quantity": 2, "price": 150.0, "amount": 300.0, "created_at": "2022-12-09T01:07:23.369Z", "updated_at": "2022-12-09T01:07:23.369Z"}}, {"model": "orders.orderedfood", "pk": 104, "fields": {"order": 70, "user": 2, "fooditem": 1, "quantity": 2, "price": 150.0, "amount": 300.0, "created_at": "2022-12-09T01:07:23.385Z", "updated_at": "2022-12-09T01:07:23.385Z"}}, {"model": "orders.orderedfood", "pk": 105, "fields": {"order": 70, "user": 2, "fooditem": 2, "quantity": 1, "price": 200.0, "amount": 200.0, "created_at": "2022-12-09T01:07:23.388Z", "updated_at": "2022-12-09T01:07:23.388Z"}}, {"model": "orders.orderedfood", "pk": 106, "fields": {"order": 71, "user": 2, "fooditem": 10, "quantity": 2, "price": 150.0, "amount": 300.0, "created_at": "2022-12-09T01:51:20.850Z", "updated_at": "2022-12-09T01:51:20.850Z"}}, {"model": "orders.orderedfood", "pk": 107, "fields": {"order": 72, "user": 2, "fooditem": 10, "quantity": 2, "price": 150.0, "amount": 300.0, "created_at": "2022-12-09T01:53:15.708Z", "updated_at": "2022-12-09T01:53:15.708Z"}}, {"model": "orders.orderedfood", "pk": 108, "fields": {"order": 73, "user": 2, "fooditem": 1, "quantity": 2, "price": 150.0, "amount": 300.0, "created_at": "2022-12-09T01:53:23.280Z", "updated_at": "2022-12-09T01:53:23.280Z"}}, {"model": "orders.orderedfood", "pk": 109, "fields": {"order": 73, "user": 2, "fooditem": 2, "quantity": 1, "price": 200.0, "amount": 200.0, "created_at": "2022-12-09T01:53:23.281Z", "updated_at": "2022-12-09T01:53:23.281Z"}}, {"model": "orders.orderedfood", "pk": 110, "fields": {"order": 74, "user": 2, "fooditem": 1, "quantity": 2, "price": 150.0, "amount": 300.0, "created_at": "2022-12-09T02:06:30.193Z", "updated_at": "2022-12-09T02:06:30.193Z"}}, {"model": "orders.orderedfood", "pk": 111, "fields": {"order": 74, "user": 2, "fooditem": 2, "quantity": 3, "price": 200.0, "amount": 600.0, "created_at": "2022-12-09T02:06:30.198Z", "updated_at": "2022-12-09T02:06:30.198Z"}}, {"model": "orders.orderedfood", "pk": 112, "fields": {"order": 75, "user": 2, "fooditem": 10, "quantity": 3, "price": 150.0, "amount": 450.0, "created_at": "2022-12-09T04:15:42.121Z", "updated_at": "2022-12-09T04:15:42.121Z"}}, {"model": "orders.orderedfood", "pk": 113, "fields": {"order": 76, "user": 2, "fooditem": 1, "quantity": 3, "price": 150.0, "amount": 450.0, "created_at": "2022-12-09T04:15:46.291Z", "updated_at": "2022-12-09T04:15:46.291Z"}}, {"model": "orders.orderedfood", "pk": 114, "fields": {"order": 76, "user": 2, "fooditem": 2, "quantity": 2, "price": 200.0, "amount": 400.0, "created_at": "2022-12-09T04:15:46.293Z", "updated_at": "2022-12-09T04:15:46.293Z"}}, {"model": "orders.orderedfood", "pk": 115, "fields": {"order": 76, "user": 2, "fooditem": 3, "quantity": 2, "price": 150.0, "amount": 300.0, "created_at": "2022-12-09T04:15:46.295Z", "updated_at": "2022-12-09T04:15:46.295Z"}}, {"model": "orders.orderedfood", "pk": 116, "fields": {"order": 77, "user": 2, "fooditem": 10, "quantity": 2, "price": 150.0, "amount": 300.0, "created_at": "2022-12-09T04:24:36.103Z", "updated_at": "2022-12-09T04:24:36.103Z"}}, {"model": "orders.orderedfood", "pk": 117, "fields": {"order": 78, "user": 2, "fooditem": 1, "quantity": 2, "price": 150.0, "amount": 300.0, "created_at": "2022-12-09T04:24:39.569Z", "updated_at": "2022-12-09T04:24:39.569Z"}}, {"model": "orders.orderedfood", "pk": 118, "fields": {"order": 78, "user": 2, "fooditem": 2, "quantity": 2, "price": 200.0, "amount": 400.0, "created_at": "2022-12-09T04:24:39.570Z", "updated_at": "2022-12-09T04:24:39.570Z"}}, {"model": "orders.orderedfood", "pk": 119, "fields": {"order": 78, "user": 2, "fooditem": 3, "quantity": 1, "price": 150.0, "amount": 150.0, "created_at": "2022-12-09T04:24:39.572Z", "updated_at": "2022-12-09T04:24:39.572Z"}}, {"model": "orders.orderedfood", "pk": 120, "fields": {"order": 78, "user": 2, "fooditem": 4, "quantity": 1, "price": 150.0, "amount": 150.0, "created_at": "2022-12-09T04:24:39.574Z", "updated_at": "2022-12-09T04:24:39.574Z"}}, {"model": "orders.orderedfood", "pk": 121, "fields": {"order": 79, "user": 2, "fooditem": 10, "quantity": 2, "price": 150.0, "amount": 300.0, "created_at": "2022-12-09T07:13:09.754Z", "updated_at": "2022-12-09T07:13:09.754Z"}}, {"model": "orders.orderedfood", "pk": 122, "fields": {"order": 80, "user": 2, "fooditem": 1, "quantity": 1, "price": 150.0, "amount": 150.0, "created_at": "2022-12-09T07:13:09.787Z", "updated_at": "2022-12-09T07:13:09.787Z"}}, {"model": "orders.orderedfood", "pk": 123, "fields": {"order": 80, "user": 2, "fooditem": 2, "quantity": 1, "price": 200.0, "amount": 200.0, "created_at": "2022-12-09T07:13:09.790Z", "updated_at": "2022-12-09T07:13:09.790Z"}}, {"model": "orders.orderedfood", "pk": 124, "fields": {"order": 80, "user": 2, "fooditem": 5, "quantity": 2, "price": 100.0, "amount": 200.0, "created_at": "2022-12-09T07:13:09.792Z", "updated_at": "2022-12-09T07:13:09.792Z"}}, {"model": "orders.orderedfood", "pk": 125, "fields": {"order": 80, "user": 2, "fooditem": 4, "quantity": 1, "price": 150.0, "amount": 150.0, "created_at": "2022-12-09T07:13:09.795Z", "updated_at": "2022-12-09T07:13:09.795Z"}}, {"model": "orders.orderedfood", "pk": 126, "fields": {"order": 81, "user": 2, "fooditem": 1, "quantity": 1, "price": 150.0, "amount": 150.0, "created_at": "2022-12-09T07:15:45.492Z", "updated_at": "2022-12-09T07:15:45.492Z"}}]